driverId,name,ssn,location,certified,wage-plan
10,Gail Kane,332-75-9337,"0398 Gutierrez Radial
Carpenterville, MP 97783",N,miles
11,Kristy Ryan,191-38-8031,"2074 William Forge
Ashleyhaven, VA 40640",Y,hours
12,Taylor Stephens,494-29-0180,"72618 Jessica Passage
South Sherriton, DC 05134",N,hours
13,Tracy Brown,273-53-1251,"032 Sharon Skyway
Mauricestad, DE 43900",N,hours
14,Christopher Case,869-51-6133,"083 Brittany Camp
Shanebury, ND 42792",Y,hours
15,Barbara Newman,899-39-0095,"077 David Route
Jennyport, NY 52740",Y,hours
16,Jennifer King,796-34-3962,"051 Lamb Shore
Brownberg, SD 85096",N,hours
17,Brianna Austin,655-09-4030,"99776 Russo Centers Suite 587
South Maria, TX 85541",Y,miles
18,Rodney Adams,842-62-3852,"691 Laurie Dale
New Antoniomouth, LA 89888",Y,hours
19,Stephanie Martinez,673-96-3420,"5269 Carol Highway Suite 623
South Edgarhaven, IN 10120",N,miles
20,Joseph Nguyen,676-80-4338,"9348 Jackson Union
Coreychester, MI 39359",Y,miles
21,Holly Williams,195-05-0592,"609 Mary Stravenue
Laurachester, NJ 12349",N,hours
22,Lisa Soto,867-95-8723,"69485 Harper Brooks
Jeffreyside, OR 10472",N,hours
23,Alisha Palmer,010-13-5298,"37620 Russell Vista
Sheribury, WY 03903",Y,hours
24,Scott Valencia,831-58-6932,"647 Darrell Station Apt. 155
Port Marissa, FM 97125",Y,miles
25,Justin Boyd,088-19-8373,"34674 Copeland Crossing Suite 059
New Nathanhaven, MT 74952",Y,miles
26,Daniel Gonzalez,062-66-2744,"299 Luis Place
Tamaraside, PR 15545",N,miles
27,Scott Hart,527-62-8201,"565 Velazquez Rue
Wallaceview, MI 31558",Y,miles
28,Lauren Andrews,442-72-9307,"75735 Hunter Hills Suite 556
Warnerchester, FL 85258",N,miles
29,Luis Carter,882-12-4973,"224 Olson Spring
Michaelhaven, NM 38235",Y,hours
30,Ralph Parsons,670-26-0275,"6683 Villegas Bridge Apt. 057
Millershire, MT 87867",N,miles
31,James Anderson,360-55-9564,"5629 Scott Mountains Suite 358
Atkinsonborough, SC 39414",Y,miles
32,Caleb Thomas,155-31-0342,"42147 Katherine Shoals
Patriciafort, VI 12495",Y,miles
33,Michael Gordon,068-32-9865,"84703 Hobbs Light Apt. 584
Port Kurtport, MI 57181",N,hours
34,Rebecca Mendoza,604-99-6180,"114 Holmes Bypass
South Johnathanport, FM 75499",Y,miles
35,Jason Page,631-84-2143,"90506 Robinson Unions
Zacharyfort, VA 34364",N,hours
36,Amber Rivera,489-93-5743,"PSC 0511, Box 8412
APO AA 29497",N,hours
37,Michael Doyle,879-61-1426,"373 Michael Stravenue Apt. 746
Fisherville, GU 36413",N,hours
38,Laura Owen,353-70-0178,"555 Kim Hills
Jennifertown, VI 63036",N,miles
39,Jerome Spence,386-76-2576,"15061 Thompson Drive Apt. 584
Brandonfort, CO 81777",Y,miles
40,Michael Fowler,143-20-8422,"543 Samantha Cliff Suite 116
South Victorchester, MP 40816",Y,hours
41,Jacqueline Baker,433-38-0217,"3963 Margaret Shoal
Reginaldton, GA 32951",Y,hours
42,Troy Small,406-89-7168,"19214 Conway Loop
Brooksville, MH 64846",Y,hours
43,Kristen Taylor,300-73-8977,"1549 Kathleen Burgs Suite 898
West Jasonfort, ME 86561",N,hours
44,Dawn Finley,455-47-8811,"3127 Renee Stream Suite 794
Cameronbury, IL 29424",N,miles
45,Carol Espinoza,811-24-5090,"4271 Daniel Fork Apt. 611
New Peterburgh, IL 34209",N,hours
46,Bethany Frazier,406-85-2115,"38637 Damon Underpass Apt. 672
New Cindy, RI 58482",Y,miles
47,Kara Day,332-87-3972,"8432 Rodriguez Estate
Nicoleshire, PW 43978",N,hours
48,Jonathan Miller,829-83-6936,"2214 Hernandez Place Suite 431
Jeffreyfurt, NY 58524",Y,miles
49,Matthew Williams,330-43-2896,"1558 Stephens Freeway Apt. 661
Valdezbury, AS 96483",Y,miles
50,Vanessa Smith,252-50-2711,"62834 Carol Isle Suite 590
Port Mallorystad, VT 90469",N,miles
51,Brittany Perez,496-34-2042,"53104 Bradley Walk
West Alyssaborough, AZ 66129",Y,miles
52,Clifford Jones,552-67-0728,"21989 Gerald Run Suite 647
East Marcia, OH 25723",Y,hours
53,Laura Kirk,380-61-7149,"210 Melissa Shoals
Lake Jameston, NE 65969",Y,hours
54,Natalie Davis,866-77-5925,"284 William Spurs Suite 711
New Tammyton, KS 14082",Y,miles
55,Michael Griffin,312-57-1556,"636 Bailey Turnpike
East Olivia, AS 30827",Y,miles
56,John Stanton,645-40-9200,"4609 Mcdonald Ports
South Rebekah, WY 55821",Y,miles
57,Amanda Coleman,453-22-8211,"USNS Miller
FPO AA 76169",N,miles
58,Scott Briggs,337-17-1234,"Unit 4455 Box 9033
DPO AP 55974",Y,hours
59,Diana Baird,247-17-9456,"PSC 9960, Box 3144
APO AA 78401",Y,miles
60,Steven Ballard,719-35-6765,"268 Martin Ridges
North Aaron, MI 15753",N,hours
61,Kyle Sanders,468-40-3908,"3536 Stephens Green
Fitzgeraldland, ID 55202",N,hours
62,Chelsea Mora,553-33-7507,"046 Fernandez Coves
Matthewfort, ID 53776",N,miles
63,Mrs. Lauren Brown DVM,746-88-7597,"023 Roberta Port
Lake Ericberg, DE 82158",N,miles
64,Nancy Rodriguez,845-57-5626,"5463 Johnson Lodge
Smithside, CA 92326",Y,miles
65,Lisa Davis,457-31-5703,"955 Steven Unions Apt. 864
Michellemouth, VT 93367",N,hours
66,Adam Rogers,867-46-2591,"9056 Wall Road
Dudleyshire, MS 64520",N,miles
67,Becky Gardner,054-64-4347,"USCGC Andersen
FPO AP 84188",N,miles
68,Cynthia Fernandez,314-38-5988,"85026 Renee Mission
Gordonmouth, WV 22168",Y,hours
69,Francisco Greene,367-25-8530,"33600 Lawrence Haven Suite 285
Lake Anitafort, MP 04392",Y,miles
70,Mary Mendoza,835-51-2322,"92384 Emily Hills
North Shawn, MH 86477",N,miles
71,Maria Lopez,649-04-7957,"501 Sandra Summit
West Michelle, CA 96547",N,hours
72,Mary Thompson,108-99-6401,"54900 Lopez Plaza Apt. 578
Kathrynborough, NM 27484",N,hours
73,Angela Lopez,812-65-9393,"010 Alan Spring Suite 819
Johntown, FL 00790",Y,miles
74,Austin Bell,736-73-3639,"38743 Allen Flats
Andretown, TN 02943",N,hours
75,Tracy Adams,658-53-3541,"7860 Brown Skyway Suite 521
Ellenbury, WI 08951",Y,miles
76,Hector Jones,467-11-5478,"02064 Alexander Curve
Port Bradley, NE 22247",Y,miles
77,Nicholas Patrick,436-19-3905,"628 Ashley Pike Apt. 959
South Alexandermouth, DE 37035",Y,hours
78,Brent Reynolds,252-02-4149,"98816 Christina Fort Apt. 045
West Daisy, NY 47691",N,miles
79,Paul Moore,871-29-3860,"07818 Jessica Stravenue Apt. 965
East Maxwellport, CA 34795",Y,hours
80,Zachary Olson,116-97-9136,"03426 Zachary Locks Suite 613
Lake Ericberg, NY 63657",Y,miles
81,Amy Robinson,236-03-8595,"745 Thomas Curve Suite 001
Garciaport, GA 88193",N,miles
82,Katie Baldwin,470-86-7462,"535 Jessica Landing Apt. 186
East Cassandrafort, NM 81089",Y,hours
83,Jenny Gibbs,260-24-0116,"47886 Kimberly Ridge
Ryanside, GA 01894",N,miles
84,Albert Vasquez,067-98-7437,"06869 Powell Port Suite 672
East Emilyview, CO 81672",Y,miles
85,Cheyenne Hines,563-76-6373,"9984 Thompson Mills Apt. 271
East Andrew, MI 16565",Y,hours
86,Tyler Ruiz,138-22-6995,"9315 Zavala Harbor
Port Annafurt, TX 35315",N,hours
87,Heather Spencer,731-73-9875,"PSC 3208, Box 7098
APO AP 85102",Y,miles
88,Andrew Herring,810-41-2638,"925 Martinez Shoals Suite 608
Port Heatherview, NJ 84060",Y,miles
89,Anna Davis,125-31-1193,"433 Curry Pines
Baldwinmouth, CT 05385",Y,hours
90,Robert Allison,433-01-0444,"8485 Michele Village Apt. 550
North Amymouth, HI 63231",N,miles
91,Shane Diaz,499-30-6613,"51840 Keith Plaza Apt. 455
Bridgesbury, HI 60167",Y,miles
92,Laura Roberts,216-81-0514,"982 Smith River Suite 830
New Tiffany, CO 78668",N,hours
93,Cheryl Stone,393-06-5555,"84998 Clayton Fords
Lake Miguel, SD 25355",Y,miles
94,Daniel Fisher,895-33-8498,"85040 Robert Bridge Suite 669
Charlesfurt, MS 60847",Y,miles
95,David Torres,633-27-5006,"932 Kline Cape
Jillianborough, FL 32654",Y,hours
96,Gerald Warner,014-23-9791,"42482 Allison Burg Suite 967
Morganland, KS 54375",Y,miles
97,Ivan Roberson,813-39-2781,"1498 Vicki Fort
East Gerald, OH 63849",N,hours
98,Lisa Zhang,792-97-9608,"389 Rachel Hill
Copelandberg, NY 16372",N,miles
99,Christine Bowers,515-04-8233,"4214 Mathews Fall Suite 265
Butlerstad, PR 39843",N,hours
100,Mary Barnes,218-09-9076,"Unit 5937 Box 5600
DPO AP 37339",Y,hours
101,Christopher Wilson,134-04-3483,"0997 Barbara Ridges Apt. 491
Blairmouth, CT 94527",Y,hours
102,Zachary Carney,853-71-7446,"261 Mason Station Suite 438
Michaelhaven, NY 09342",N,hours
103,Mark Schultz,879-24-5556,"95651 Allison Shoals Apt. 042
Nicholasberg, NY 48141",Y,hours
104,Michelle Brown,046-38-7740,"PSC 9556, Box 6157
APO AE 52268",N,miles
105,William Goodman,398-68-0493,"49491 Young Drives
Lake Williamport, NC 73015",Y,miles
106,Holly Taylor,242-77-7208,"USNS Blevins
FPO AA 40386",N,hours
107,Megan Ortega,522-38-7652,"197 Danielle Lock Suite 843
Westburgh, NC 32045",N,hours
108,Joanna Brown,304-74-7227,"3481 Alexander Glen Apt. 058
Johnsonport, AZ 83329",N,hours
109,Kimberly Shannon,353-41-5050,"7459 Melissa Freeway Apt. 482
Douglasland, GA 27182",Y,miles
110,Christopher Juarez,863-27-5009,"29066 Nguyen Wall Apt. 141
Brandonbury, IL 82232",N,miles
111,Jessica Moore,015-37-7700,"419 Holland Pike Suite 372
Lake Christopherland, MT 76015",Y,miles
112,Brent Mathis,695-08-6311,"9528 Christopher Gateway
New Robert, MA 12357",Y,miles
113,Russell Grant,508-82-3864,"1653 Tasha Cliff Apt. 742
West Billy, MO 80119",N,miles
114,William Ayers,674-33-2525,"PSC 9021, Box 4455
APO AE 49814",N,miles
115,Brett Lewis,569-40-7318,"8200 Wesley Ramp
Port Michaelland, NJ 91806",Y,miles
116,Craig Hansen,747-63-0764,"81057 Sarah Burg Apt. 594
Lake Danieltown, FL 03983",N,miles
117,Ricky Young,837-19-3702,"5722 Gutierrez Circles Suite 383
South Carlosburgh, FL 22340",N,miles
118,Robert Morgan,093-89-7651,"6301 Craig Camp Apt. 720
Jessicafurt, MS 18481",Y,miles
119,Erik Padilla,138-08-1717,"77470 Smith Highway
Adrianaside, CA 26932",N,miles
120,Scott Rodgers,628-33-5794,"8163 Gentry Ferry Suite 640
Heathermouth, ND 84106",Y,miles
121,Lindsey Johnson,874-72-6654,"0426 Sullivan Mountains Suite 800
Tiffanyberg, NC 74738",N,miles
122,Daniel Turner,542-22-7670,"838 Isabel Orchard
Sethside, PW 57527",N,miles
123,Olivia Smith,706-67-3511,"886 Chelsea Tunnel
South Keithland, UT 59120",Y,miles
124,Jamie Powell,543-61-3072,"6051 Tanya Mills Suite 630
Donaldfort, TX 98873",N,hours
125,Mandy Green,770-81-3575,"143 Wilson Islands
North Michaelfurt, MT 57962",N,miles
126,Edward Walter,230-98-1439,"64657 Mckenzie Dam Suite 304
New Josephshire, NV 21747",N,miles
127,Samantha Price,313-91-6814,"PSC 1408, Box 5908
APO AE 99057",Y,miles
128,Meredith Riley MD,780-49-0542,"00495 Matthew Mill
North Rebeccahaven, NE 26103",N,hours
129,Cassandra Gonzales,344-13-5960,"358 Knapp Village Suite 390
East Alyssabury, AL 17325",N,hours
130,Taylor Williams,536-76-8915,"91565 Bean Ferry Apt. 433
New Kathrynfurt, CA 21336",Y,miles
131,Bryce Thompson,405-06-8443,"23526 Amy Pine
Mccarthyside, RI 15970",N,miles
132,Christopher Marshall,772-18-0813,"562 Perez Unions
Edwardfurt, CT 87560",N,hours
133,Sandra Garza,505-04-5038,"565 Timothy Spurs
Sandraside, HI 80434",Y,miles
134,Jennifer Ashley,750-78-3606,"13613 Wells Ville
Randallfurt, NY 54538",Y,hours
135,Crystal Gonzalez,051-69-6816,"2989 Rebecca Stream Suite 189
Huntshire, MN 94708",N,miles
136,Timothy Sanders,215-65-7706,"19325 Evans Corners
Morrisside, MO 19221",N,miles
137,Ashley Joseph,816-01-4147,"PSC 3170, Box 6536
APO AA 88951",N,hours
138,Christopher Nichols,218-52-0584,"00370 Myers Avenue
New Alyssabury, GA 64422",N,hours
139,Andrea Davis,598-65-0340,"24116 Lyons Mall
North Davidfort, VT 17335",N,hours
140,Meagan Padilla,272-49-4964,"8162 Knox Shoals
South Kristenborough, PW 48827",Y,hours
141,Patrick Jones,603-35-9110,"70543 Clark Rest
Williamton, AK 77917",N,hours
142,Blake Larson,175-64-9202,"00614 Connor Forge
Karenland, NJ 20176",N,miles
143,Rebecca Holland,183-05-3164,"73925 Esparza Keys Suite 978
Leebury, HI 32700",Y,miles
144,Charles Miles,303-62-2908,"312 Lopez Place Apt. 898
Laurenborough, AL 26146",Y,miles
145,Christopher Collins,335-34-7234,"4831 Nicholas Islands Suite 745
North Robertfurt, WI 32802",Y,hours
146,Donald Mora,383-11-6592,"2795 Mark Ports
Angelachester, DC 29474",Y,miles
147,Brian Reed,741-29-9105,"74945 Allen Roads Suite 796
West Joshuaburgh, UT 63799",Y,hours
148,Donald Bolton,747-16-1920,"5939 Katie Wells
Port Meredithbury, NV 55850",Y,miles
149,Dustin Reyes,782-49-6736,"8224 Hernandez Springs Suite 091
East Carolhaven, FL 35422",Y,hours
150,Patrick Johnson,416-52-4927,"955 Flowers Shoal
West Johntown, MD 84964",N,hours
151,Michael Dunn,647-27-4765,"69623 Martin Run Apt. 438
North Linda, RI 21419",Y,hours
152,John Gay,750-85-1811,"13141 Gabrielle Roads
Brownshire, MA 34578",N,hours
153,Mrs. Meredith Wright,644-26-8224,"8767 Zhang Plaza
Mcmahonmouth, OK 59019",Y,hours
154,Larry Hogan,679-87-9722,"10578 Rose Points
Lake Christopher, MD 26271",Y,hours
155,Taylor Smith,002-46-1688,"8508 Gray Cove Apt. 329
Davisville, OH 31803",N,miles
156,Katherine Hernandez,249-16-7520,"980 Green Burgs
North Allison, MP 55109",N,hours
157,Elizabeth Taylor,370-73-1774,"94291 Espinoza Mountains Suite 311
Abbottberg, UT 89263",N,hours
158,Michael Hernandez,683-97-7337,"USS Knight
FPO AP 66218",Y,hours
159,Elizabeth Carrillo,307-58-2067,"USS Baird
FPO AP 63469",N,hours
160,William Miller,692-38-9992,"6309 Scott Mountain
East Nancy, NJ 81960",N,miles
161,Jane Foster,685-09-9337,"419 Powell Forges Apt. 684
South Brittneyfurt, PR 36797",Y,hours
162,Jason Colon,412-55-3235,"520 Anthony Mills Apt. 602
East Kathryn, KY 49872",Y,hours
163,Heather Garcia,261-09-1598,"874 Jodi Parkways
Port Jeannechester, NY 59609",N,miles
164,Debra Greene,374-33-9292,"0063 Timothy Islands Suite 933
West Ronald, IL 45128",N,miles
165,Douglas Cummings,564-48-6624,"749 Baker Walk
East Jeffery, LA 21152",N,hours
166,John Miller,040-97-8849,"015 Tammy Center
Jennifermouth, NH 06412",Y,miles
167,Michael Luna,144-85-9442,"78516 Monique Cape Apt. 472
Benjaminburgh, PR 86772",Y,hours
168,Laura Gaines,393-18-0009,"902 Carmen Circle Suite 097
Michaelburgh, AK 36856",Y,hours
169,Katie Wade,271-07-6556,"353 Ramos Island Apt. 172
West Nicole, OR 41996",N,hours
170,Robert Thompson,882-31-8707,"17439 Long Manors Suite 039
Port Carol, UT 28256",N,miles
171,Taylor Ruiz,335-48-2180,"9084 Dawn Forge Apt. 655
East Markburgh, MO 03893",Y,miles
172,Ryan Weber,086-59-1862,"1258 Sawyer Station
New Feliciaborough, FM 70554",Y,miles
173,Christina Robinson,110-13-1268,"9150 Joseph Plains
Howardshire, UT 36097",Y,hours
174,Matthew Graves,846-17-6856,"38524 Adam Hills
Lake Aliceberg, CA 07935",Y,miles
175,John Avila,219-02-0825,"PSC 5172, Box 3597
APO AE 15862",Y,miles
176,Micheal Anderson,784-08-1970,"1573 Walker Inlet Suite 692
West Anaville, MD 74452",N,hours
177,Kenneth Clark,081-34-0843,"1179 Anthony Coves
Port Kristin, ND 06512",N,miles
178,Marco Willis,746-56-5254,"240 Miller Mountain
New Robert, AS 89822",N,hours
179,Sharon Lopez,615-47-9487,"20501 Ryan Walks Suite 906
East Robert, NE 07033",N,miles
180,Robert Velez,050-72-7484,"459 Rodriguez Burgs
South Marktown, NJ 35176",N,miles
181,Theresa Miller,163-93-0170,"383 Jeff Field Apt. 502
Knighthaven, WI 85779",N,miles
182,Donna Price,242-29-1202,"43832 Smith Circle
East Douglaston, SC 52412",Y,miles
183,Kaitlyn Edwards,150-24-2443,"71396 Lambert Green Apt. 965
North Lisabury, MO 84289",Y,hours
184,Thomas Reyes,412-45-7628,"42868 Flowers Glen
Williamsborough, PR 20901",N,miles
185,Shawn Kim DVM,074-49-0157,"9042 Lyons Mews
Mikebury, NM 69647",Y,miles
186,Kevin Calderon,492-43-6639,"9226 Kevin Ranch
Kimberlytown, WA 51432",N,hours
187,Sean Bryan,746-72-4442,"4256 Jeffrey Parks Suite 441
Port Michelle, OH 33496",Y,hours
188,Sophia Harris,058-69-8183,"6159 Elizabeth Mountain
North Shawn, NJ 21272",N,hours
189,Jason Gregory,744-61-6555,"469 Tammy Ford Apt. 872
Michaelshire, MA 81197",Y,miles
190,Sharon Faulkner,603-16-7460,"7403 Dorothy Circles Suite 824
North Nathan, OK 33896",Y,hours
191,Amy Brown,564-32-0759,"517 John Ford
New Andreaton, IN 13934",N,miles
192,Ashley Bell,605-69-3218,"954 Jacobs Greens
Taylorfort, MN 09942",N,hours
193,Daniel Rodriguez,036-29-2358,"5879 Daniel Rapids Suite 134
South Cynthiaburgh, WV 45535",Y,hours
194,Wyatt Wolf,513-15-0505,"9377 Brown Village Apt. 097
Mooremouth, MD 52712",Y,hours
195,Jamie Bell,190-10-6332,"752 Young Well
Sullivanport, KY 56848",N,hours
196,Melissa Chandler,380-87-0058,"78775 Farmer Falls Suite 821
South Kellyberg, CO 46260",N,hours
197,Renee Charles,243-19-4993,"171 Roberts Shore Apt. 588
Taylormouth, SC 20501",N,miles
198,Barbara Webster,782-65-2254,"9925 Heather Shores Suite 976
Jessicaside, AK 73089",Y,hours
199,Brianna Turner,631-98-0558,"3718 Harris Harbors
Lake Lauriemouth, VA 24458",N,miles
200,Michael Mitchell,030-52-3599,"USNV Hill
FPO AE 28044",N,hours
201,Timothy Carrillo,897-33-2162,"87711 Lang Rapid Apt. 675
East Joseph, MA 81572",Y,miles
202,Jessica Russell,197-14-7152,"6658 Martinez Shoal Apt. 193
East Clayton, IN 18912",N,hours
203,Scott Rivas,194-82-3052,"8671 James River
Port Kiaraborough, VA 15072",N,miles
204,Caroline Hartman,106-73-7925,"57766 Heather Points
Brendafurt, NJ 61280",N,hours
205,Joshua Fields,299-27-5415,"71583 Justin Crossing
Holmestown, MI 91183",N,miles
206,Amber Baker,404-41-4097,"783 Watson Estate
Joshuastad, OR 40843",Y,miles
207,Michelle Schroeder,880-14-8224,"9253 Dunlap Cape Suite 952
Lake Dwayneberg, NE 23122",N,miles
208,Sarah Haley,725-86-9176,"13442 Teresa Spurs Suite 864
Lake Kelseyfort, LA 26013",N,miles
209,Gina Lane,896-77-4300,"USNV Wright
FPO AA 54762",N,miles
210,Benjamin Fisher,781-69-6309,"USNV Castillo
FPO AA 33054",N,miles
211,Peter Case,088-13-5636,"815 Charles Wells
South Michael, NE 53457",N,hours
212,Melissa Sanders,541-43-7502,"76402 Rose Divide Suite 375
New Ashley, MP 13675",Y,miles
213,Louis Mann,012-43-5863,"9962 Luis Locks Apt. 708
Mcbrideborough, TX 57139",Y,miles
214,Amy Morris,046-17-8684,"6716 Mark Green Suite 849
North Austinland, AK 63180",Y,miles
215,Brittany Cook,219-40-0217,"74849 Dale Way Apt. 348
Stonechester, MO 23746",N,miles
216,Patricia Rios DVM,278-14-3523,"1593 Pamela Trafficway Apt. 285
North Denise, MT 49060",Y,miles
217,Dr. Charles Moore,504-34-1609,"211 Rhonda Falls Suite 603
Taylorville, PR 35917",N,miles
218,Angela Morales,697-49-0284,"1327 Karen Freeway Apt. 341
Port Rickyburgh, WI 44988",Y,hours
219,Derek Rice,426-70-0378,"72953 Gutierrez Pass
Garyville, UT 08040",Y,hours
220,Sheila Andersen MD,603-56-1702,"70797 Darren Prairie Suite 628
Millerview, MA 56462",N,miles
221,Angela Krueger,714-23-5972,"744 Melissa Village
West Richardport, NM 67953",Y,hours
222,Mr. Robert Cox DDS,836-07-0924,"99427 Lori Keys
West Barbarahaven, VT 82437",Y,hours
223,Christina Gray,272-31-3580,"PSC 1545, Box 2538
APO AE 96737",Y,hours
224,Charles Hutchinson,546-67-9208,"65254 Robert Loaf Apt. 635
South Caitlinport, NE 69626",Y,hours
225,Jacqueline Clark,622-58-0672,"683 Cynthia Pass
North Mikeborough, TX 99279",N,miles
226,John Gomez,429-50-8137,"86267 Theresa Light Suite 348
Port Aprilborough, CA 33140",N,miles
227,Matthew Young,842-33-1368,"7493 James Trace Suite 504
Port Jameshaven, MS 87292",Y,miles
228,Kenneth Bailey,854-11-5410,"3579 Raymond Knoll
West Caseyside, ID 44386",N,hours
229,Lauren Curry,627-59-4099,"35693 Rodriguez Parks Apt. 534
Ericshire, AZ 12613",Y,hours
230,Thomas Wright,535-49-5390,"84873 Nichole Forge Suite 818
North Amanda, NC 44018",N,hours
231,Dorothy Hicks,175-10-0752,"020 Joseph Row
East Dean, CT 82396",Y,miles
232,Mark Cherry,402-57-8101,"52933 Michelle Crest Suite 290
West Paul, MT 66402",N,hours
233,Lisa Joyce,290-02-4131,"5471 Williams Overpass
Port Ashleyview, AL 37208",N,miles
234,Edward Smith,169-11-1347,"12047 Hannah Path Suite 891
Marioville, MH 62783",Y,miles
235,Scott Ware,720-12-1616,"Unit 8751 Box 3324
DPO AA 96637",Y,hours
236,James Ryan,440-28-6892,"61846 Michael Hollow
Wrightville, KS 58884",Y,miles
237,Angela Moses,523-55-2735,"43032 Ross Centers
Williambury, OR 43111",N,hours
238,Stacey Tran,718-20-9407,"9998 Kathryn Light
Orrport, NM 09228",Y,miles
239,Brian Tyler,135-98-3389,"7335 Walter Ridges Suite 910
Lake Patrick, NC 64125",Y,miles
240,Jasmine Barron,352-44-6609,"028 William Roads
Jeffersonfurt, MH 15175",Y,hours
241,Jonathan Jefferson,826-89-7786,"PSC 3940, Box 0281
APO AE 76896",Y,miles
242,Susan Khan,590-59-2947,"218 Golden Tunnel Apt. 747
Pattyton, NC 20455",Y,hours
243,Laura Adams,585-59-6333,"8537 Rodriguez Unions Suite 040
Jacobmouth, MA 13169",N,hours
244,Brittany Hughes,067-17-7271,"089 Francisco Spring
Wilsonview, PA 08402",N,hours
245,Daisy Hopkins,631-20-3408,"USNS Watson
FPO AP 46717",Y,hours
246,Melissa Romero,107-55-8408,"6975 Christopher Street Apt. 614
Payneview, TX 88992",Y,hours
247,Kathy Davis,302-38-7457,"53610 Clark Park
Josechester, MN 95800",N,hours
248,Michele Johnson,494-46-0735,"96582 Jonathan Camp Suite 617
Lake Jackson, ME 97565",Y,hours
249,Ann Williams,561-82-8615,"2141 Dorothy Mountain
North Margaretland, AS 87433",Y,hours
250,Hannah Martinez,342-04-1688,"32435 Ellis Burg
Jacksonview, WY 39193",N,hours
251,Christine Pope,579-73-0212,"Unit 0476 Box 8849
DPO AA 17400",N,miles
252,Thomas Morris,240-58-7175,"9992 Natalie Island Suite 678
Cantrelltown, WV 50847",Y,miles
253,Kevin Hampton,057-22-9877,"385 Johnson Trafficway
East Thomas, AR 46833",N,miles
254,Jill Ward,230-28-0902,"195 Fry Ramp
South Dawnshire, HI 33227",Y,miles
255,Shelly Reed,496-04-3767,"4732 Tony Mission
West Rachaelview, OH 70197",N,hours
256,Deanna Richards,053-91-3190,"19989 Summers Drive
Josephbury, LA 23032",N,miles
257,Chad Gallegos,491-67-1719,"5041 Pollard Orchard
Jacobstad, AK 38436",Y,hours
258,James Guzman,171-55-7582,"63670 Campbell Flats
South Matthew, NM 02106",Y,hours
259,Karen Russo,775-77-5557,"46349 Tanya Pass
Beckyview, MI 04129",N,hours
260,Natasha Ballard,192-89-5513,"5170 Lee Vista Apt. 754
North Elizabethside, ND 23477",Y,hours
261,Ashley Mendoza,683-29-2018,"USNS Cooper
FPO AE 49192",N,hours
262,Dawn Mccoy,482-29-1241,"0321 Charles Port
Port Robertton, MI 35593",Y,hours
263,Edward Mitchell,633-30-3396,"532 Johnny Pine Apt. 227
New Natalie, SC 24036",N,hours
264,Vanessa Sanchez,318-41-4379,"USNS Gill
FPO AA 26750",Y,miles
265,Don Nelson,245-95-0269,"0537 Fuller Highway
Lake Tiffanyport, MO 06744",Y,miles
266,Mr. Jason Hernandez,873-11-2348,"Unit 3111 Box 4771
DPO AE 46247",N,miles
267,Brian Whitehead,338-56-1376,"826 Mary Mission
New Julie, PR 73311",N,hours
268,Stephen Black,039-54-4328,"73645 Matthews Land Suite 593
South Tommychester, KY 25404",Y,miles
269,Andrea Roberts,359-33-0610,"1688 Vasquez Mall Suite 157
Bushville, NM 18979",Y,miles
270,Jennifer Cain,324-30-3749,"60515 Laurie Field Apt. 045
East Jonathan, TX 45676",Y,miles
271,Kimberly Brown,862-99-1741,"4127 Reeves Ramp Suite 289
Victoriaville, SD 81564",Y,miles
272,Mark Campbell,034-35-9445,"056 Russo Extension
Lake Mary, FM 06301",N,hours
273,Destiny Benjamin,648-08-1102,"2186 Simpson Avenue Suite 720
South Tammy, DE 82753",N,hours
274,Roy Adams,191-50-8669,"5128 Miranda Cove
Melissachester, OH 36470",Y,hours
275,Brian Horn,021-49-2566,"Unit 3104 Box 5168
DPO AP 40769",N,miles
276,Alyssa Turner,453-04-9824,"93825 Kimberly Tunnel
Port Kimberlybury, IL 60523",Y,miles
277,Benjamin Doyle,803-77-2044,"00009 Olivia Throughway
New Gilbertfort, VI 52780",N,hours
278,Ryan Gibson,009-19-4108,"40104 Brianna Circles
Armstrongton, MT 76855",N,miles
279,Drew Jones,179-39-1219,"39568 Michael Highway Apt. 342
Garciatown, AR 98241",Y,miles
280,John Stewart,074-60-2430,"6561 Gary Creek Suite 820
West Jamesside, HI 42807",N,miles
281,Diana Evans,451-21-6023,"272 Michael Port Suite 925
Douglasport, MI 14111",N,miles
282,Patricia Cole,043-46-7333,"PSC 1470, Box 1745
APO AP 14268",N,hours
283,Brandon Tanner,880-51-7622,"2105 Benjamin Landing
Timothyland, SC 70359",N,hours
284,Teresa Johnson,416-47-6602,"Unit 4741 Box 7409
DPO AE 79176",N,miles
285,Barbara Bush,711-96-2747,"248 Marcia Cliff
North James, SD 38932",Y,hours
286,Gabriel Smith,284-58-8008,"9187 Webb Forge Suite 124
Port Wesley, WA 56364",Y,miles
287,Michael Clark,675-17-9277,"24661 Hill Road
Janetstad, CA 18622",Y,miles
288,Miranda Lee,576-34-2361,"0590 Fernando Mount Apt. 177
Benjaminchester, AR 42733",Y,miles
289,Benjamin Steele,030-14-9055,"4388 Pham Mission Suite 123
New Allisonmouth, CA 94185",Y,hours
290,Brandon Davis,635-41-5403,"766 Alvarado Keys Apt. 630
South Elizabeth, NM 33367",N,hours
291,Gerald Barnes,478-05-0731,"56480 Gonzales Common Apt. 017
Thomasbury, CA 63018",Y,hours
292,Madison Mclean,575-51-6047,"8681 Robert Square Suite 007
Montoyabury, UT 24915",N,miles
293,George Edwards,552-02-3284,"20356 Campos Ports Apt. 263
Garciaborough, LA 88819",N,hours
294,Stephanie Mack,111-12-5888,"84794 Savage Fords
New Robert, SC 61269",Y,miles
295,Teresa Powell,841-24-6174,"434 Wilson Unions Apt. 272
Port Brandonhaven, PA 62690",N,hours
296,Megan Mcknight,775-72-1230,"193 Joshua Gateway
Adamsmouth, WV 11203",Y,hours
297,Raymond White,048-66-5207,"71264 Raymond Coves
New Joshua, AR 32493",Y,hours
298,Jeff Robinson,102-82-1045,"0916 Tara Ports
Gregoryburgh, AR 60411",Y,hours
299,Jason White,336-05-1357,"0412 Hill Tunnel
Thompsonfurt, IL 03116",N,hours
300,Gregory White,866-11-3224,"51499 Samantha Point
North Lindamouth, OK 49438",Y,miles
301,Beth Thomas,670-21-4182,"19776 Diane Point
Lake Hannah, WV 95025",Y,miles
302,Cody Gonzalez,149-10-3282,"348 Dakota Freeway Suite 147
Joycemouth, VI 42924",Y,miles
303,Mckenzie Hartman,614-25-7972,"12678 Daniels Cove
West Joshua, ND 98259",Y,miles
304,Hannah Evans,872-16-4989,"437 Collier Neck
Port Lisamouth, OK 00508",Y,hours
305,Robert Gay,240-80-4678,"60265 Kevin Ports
Lake Vincent, AK 08193",Y,miles
306,John Sanders,314-86-5033,"73117 Rios Prairie
North Pamela, VI 13012",N,hours
307,Justin Martin,824-56-7423,"294 Mclaughlin Inlet Suite 652
South Jessica, IA 51740",Y,miles
308,Miranda Garcia,405-22-5708,"088 Green Ferry Apt. 587
Lake Charles, CT 91890",N,miles
309,Jaime Wright,817-50-7919,"7458 Singleton Wells Suite 753
North Rhondaport, AR 37887",N,miles
310,Sandra Mcdonald,075-65-2530,"PSC 3042, Box 1646
APO AE 78332",Y,miles
311,Hayley Munoz,709-30-3432,"16297 Solis Lodge Apt. 373
North Lynntown, AK 70628",Y,hours
312,Patrick Bates,487-24-9415,"685 Davis Lakes Suite 316
Alexisburgh, AL 67130",N,hours
313,Thomas Villegas,842-96-1467,"05222 Austin Walk
Cherylbury, HI 52886",N,miles
314,Aaron Collins,507-11-4635,"05999 Angela Springs Suite 299
South Christopher, SC 93587",N,miles
315,Michael Sanchez,058-40-8987,"7833 Jaime Extension
Michaelport, IN 17973",N,miles
316,William Gould MD,386-52-3040,"30730 Roy Turnpike
East Tamiberg, MI 36549",N,miles
317,Samantha Rivera,331-36-5450,"859 Jessica Gateway Suite 359
Lake Joannaport, TX 91234",Y,miles
318,Kelli Williams,220-41-7837,"4788 Mclean Spur
Morganville, ND 10764",N,miles
319,Adam Jackson,344-72-4391,"94167 Hall Islands Apt. 762
Riveramouth, VI 36783",Y,hours
320,Ricardo Mcdonald,366-45-8107,"0497 Espinoza Forks Apt. 585
West Russellland, WI 85449",N,hours
321,Alexandria Chavez,374-42-2637,"Unit 0032 Box 5475
DPO AP 14520",N,miles
322,Brooke Montgomery,206-43-7935,"29609 Christine Overpass Apt. 516
Victortown, NM 91603",N,hours
323,Brandi Wilson,843-99-0566,"442 Ayala Causeway Suite 769
New Joshuachester, NY 84140",Y,miles
324,Kevin Bean,014-98-0966,"PSC 6459, Box 6452
APO AP 37991",N,hours
325,Nicole Robinson,642-86-3947,"62559 Rice Course Apt. 131
Snyderchester, IN 59198",Y,hours
326,Victoria Gonzalez,881-05-6865,"1222 John River
Port Amanda, OK 47418",N,hours
327,Jason Harris,006-43-8487,"376 Owen Forges
West Mauriceland, PA 54677",N,hours
328,David Martin,863-38-5759,"1505 Arnold Ports Suite 774
Davidtown, SD 74756",N,hours
329,Tracy Hayes,663-43-4874,"184 Kevin Mountain
North Kathryn, SC 03531",N,miles
330,David Strong,277-99-1454,"USS Allen
FPO AE 05026",Y,miles
331,Dr. Steven Brown,167-78-4088,"08394 Santos Prairie
Mcdanielton, TN 96966",N,hours
332,Susan Barrett,336-99-0438,"14428 Angela Mountain Apt. 812
Jenniferberg, OK 51102",N,miles
333,Paula Guerra,535-19-6321,"8774 Doyle Villages
Port Thomasmouth, NC 28925",N,miles
334,Jordan Donovan,443-61-1111,"985 Billy Station Apt. 252
New Tara, IL 38602",N,miles
335,Roger Wood,436-59-1550,"7896 Noble Drive
East Jenniferside, HI 67857",N,miles
336,Richard Gonzalez,670-56-3038,"880 Donald Underpass Apt. 609
East Robertberg, VA 10756",Y,hours
337,Sarah Evans,044-51-9915,"3223 Desiree Ramp
Port James, VI 67221",Y,miles
338,Stacy Jones,048-93-5153,"666 Debra Rue Suite 645
New Tylerfort, AL 45436",Y,miles
339,Jeffrey Stokes,888-91-7882,"8914 Johnson Stream
Bradshire, WA 44596",N,hours
340,Raven Graves,587-35-6918,"739 Catherine Courts
South Jamiemouth, VA 03311",Y,miles
341,Kimberly Mclean,675-05-4788,"6141 Simmons Oval
Marcusborough, DE 55125",Y,hours
342,James Wagner,667-89-3139,"USS Turner
FPO AP 46063",Y,hours
343,Sandra Black MD,553-43-4373,"92847 Nicole Roads
Port Johnbury, IA 70097",Y,hours
344,Randy Mcdaniel,688-06-6801,"02946 Ortiz Tunnel
Phillipsborough, NV 79551",N,hours
345,Rebecca Smith,535-80-9749,"4166 Joanna Overpass Apt. 237
Transtad, DE 98845",N,miles
346,Julie Simmons,311-37-0289,"4901 Kelly Turnpike Suite 240
Johnsontown, MA 08956",Y,hours
347,Kirk Wilson,569-24-7943,"49415 Thompson Roads
Kevinport, CO 03391",N,miles
348,Tyler French,023-09-4413,"60676 Blair Meadows
Port Jeanette, OR 07766",N,miles
349,Anthony Figueroa,175-57-8135,"227 Wesley Meadows Suite 439
Donaldfurt, NH 56192",N,hours
350,Monica Walker,568-80-0082,"22946 Troy Isle Suite 424
Lake Christinafort, TN 47994",Y,miles
351,Jordan Taylor,042-78-4639,"USS Wong
FPO AE 04410",N,hours
352,Annette Phillips,230-91-4325,"63336 David Extension Suite 517
Williamsport, WA 34488",Y,hours
353,Taylor Guzman,738-10-5016,"3017 Fuller Valley
New Peter, MD 33275",N,hours
354,Jacob Chapman,548-73-2657,"034 Marquez Throughway Suite 675
Warrenmouth, WI 93910",N,hours
355,Timothy Friedman,574-16-1501,"708 Smith Spurs Apt. 961
Millerburgh, CA 61146",Y,hours
356,Tracy Miller,193-60-2080,"USNS Cain
FPO AA 17968",Y,hours
357,Monica Garrett,690-55-4772,"515 Tucker Bridge
Charlesfort, PA 48546",Y,hours
358,Michael Smith,333-43-8792,"0534 Guerrero Tunnel
Lake Jackson, DE 19733",N,miles
359,John Bennett,606-82-2499,"971 Underwood Pass
East Paula, MO 42389",N,miles
360,Donna Brooks,037-63-1347,"8543 Richard Grove Suite 086
Lake Andrewbury, IA 25195",N,miles
361,Jason Lopez,101-73-3569,"9686 Mendoza Landing
Calebfort, AR 88641",N,miles
362,Brandon Christian,162-23-6176,"635 Brittany Crest Suite 941
Crossbury, CO 35895",Y,hours
363,Lori Norris,085-59-0944,"USS Anderson
FPO AA 74326",N,miles
364,Jared Duke,024-13-9439,"4704 Doris Vista
Eugeneside, KY 14139",N,hours
365,Mark Howard,070-71-0737,"24891 Mason Walks
Englishfort, MS 57585",N,hours
366,Karen Crawford,800-44-3382,"189 Chad Divide Suite 315
East Thomas, RI 01801",N,miles
367,Steven Wells,850-03-0161,"USNS Chang
FPO AE 57821",N,miles
368,Julia Hernandez,128-40-9344,"607 Joshua Squares Apt. 256
New Christina, NH 59949",Y,miles
369,Dr. Kenneth Morris,623-27-8795,"PSC 0789, Box 6034
APO AE 56767",N,miles
370,Phillip Kaiser,862-24-7973,"2188 Crystal Knolls Suite 077
Amandaborough, DE 89238",Y,miles
371,Sarah Moreno,863-04-6536,"04462 Francisco Isle
Port Andrewtown, TX 89235",Y,miles
372,Phillip Odonnell,826-05-1885,"9989 Payne Pines Apt. 876
Cartershire, ND 10188",N,miles
373,Victoria Kline,290-76-1061,"4746 Ross Walks Suite 319
Jacksonburgh, MI 75086",N,hours
374,Eric White,402-45-6432,"7085 Montoya Track Apt. 170
Sherriberg, DC 59114",N,hours
375,Debra Porter,851-43-0732,"15089 Roman Hills
Shelleytown, TN 10828",Y,miles
376,Valerie Nguyen,120-39-2570,"786 Harvey Alley Apt. 696
Lewishaven, VT 34043",N,miles
377,Bobby Davis,165-66-0032,"5514 Smith Cliff Suite 624
West Patrick, MD 53771",Y,miles
378,Cory Martinez,823-35-4447,"528 Anthony Walk Suite 832
Porterborough, AZ 48899",N,miles
379,Kurt Shea IV,510-31-8186,"2256 Deborah Wall
North Jacquelineside, AS 48706",Y,hours
380,Amanda Simmons,188-25-1442,"002 Brent Manor Suite 534
Alvarezmouth, VA 36466",N,miles
381,Lauren Burke,472-02-0643,"05134 Tina Radial
Sharonchester, DC 17862",Y,hours
382,Gabriel Gonzalez,506-36-2303,"660 Raymond Mews Apt. 251
East Jackville, SD 11942",N,miles
383,Susan Valenzuela,178-55-1576,"68473 Rodriguez Locks Apt. 298
East Gabriella, NE 58059",N,miles
384,Thomas Miller,285-92-4879,"5431 Kathleen Stream
Mariahmouth, WY 69366",Y,miles
385,Alexandra Estrada,098-44-9216,"752 Duke Estates Apt. 500
North Ethanburgh, CA 33188",N,hours
386,David Day,342-25-4329,"0897 Carter Stravenue Suite 262
North Kristen, TN 16722",Y,hours
387,Mary Foster,815-59-9156,"666 Kim Harbors Suite 132
Port Francisside, FM 44456",Y,hours
388,Justin Mcguire,420-02-7516,"8669 Becky Summit
South Mariafort, PR 39988",Y,hours
389,Justin Young,139-94-0327,"4854 Nelson Passage
Gutierrezshire, MH 10162",Y,hours
390,Adam Mcpherson,435-05-1273,"PSC 6422, Box 6823
APO AE 48382",Y,miles
391,Brittany White,310-41-1918,"23780 Scott Dale Suite 829
Phillipsville, OR 99111",N,miles
392,Jeffrey Myers,027-39-4656,"4306 Barber Plaza Suite 568
Marshallborough, PA 85539",Y,hours
393,Lisa Martinez,600-42-8416,"4130 Molina Hollow Suite 264
Evanton, UT 81921",Y,hours
394,Christina Spencer,055-77-0340,"15897 Smith Mills Apt. 556
Ryanbury, KY 29180",N,hours
395,Tammy Hammond,642-99-9504,"657 Steve Lodge
Johnview, AS 49324",N,miles
396,Lori Clarke,870-19-1940,"7647 Velasquez Drives
West Katherinetown, LA 35490",Y,miles
397,Clayton Green,728-42-8406,"3949 Natalie Junction
Toddville, PR 82204",N,hours
398,Nicole Francis,667-77-7367,"35107 Garcia Stream Apt. 559
Brandonburgh, MS 14921",Y,miles
399,Joseph Chen,692-65-0307,"06435 Sandra Passage
North Cole, AZ 00780",Y,hours
400,Terri Lewis,651-31-7954,"461 Christine Isle
North Pamelabury, MD 63954",Y,miles
401,Joan Cunningham,693-25-9051,"98769 Hernandez Tunnel
North Wendytown, NY 78084",N,miles
402,Mrs. Karen Hamilton PhD,860-92-2829,"Unit 6522 Box 5755
DPO AP 81670",Y,hours
403,Thomas Hoffman,871-02-3239,"87790 Walker Path
Catherineville, CA 51200",Y,miles
404,Gina Clark,073-22-9492,"60480 Marissa Mountains
Drewfort, NY 67583",N,miles
405,Teresa Smith,796-05-6861,"96823 Contreras Meadows
New Michaelland, NJ 71246",N,miles
406,Michael Parker,422-77-1624,"97870 Jasmine Mall Suite 272
Jodystad, FL 55384",Y,miles
407,Sean Braun,571-10-2224,"3844 Allen Loop
East Katherine, MD 73230",Y,miles
408,Jordan Benitez,732-16-9297,"203 Danielle Centers
Brownchester, NY 56846",Y,hours
409,Mark Fuentes,517-87-1672,"362 Gentry Route
Toddtown, CA 53132",N,hours
410,Patricia Velez,783-85-4117,"70965 Cook Ramp
North Edward, MN 36995",N,miles
411,Mr. Robert King,140-85-1992,"8783 Stephanie Tunnel Apt. 007
Williamberg, CT 93106",N,miles
412,Rebecca Brooks,817-92-7622,"940 Wendy Streets
South Josephport, FL 07871",N,hours
413,Carly Bush,332-98-9796,"850 Williams Islands Suite 335
North Jessicaton, AS 97755",Y,hours
414,Erika Anderson,318-48-5419,"70908 Stephen Vista
Andersonstad, FM 03444",N,miles
415,Tara Lindsey DDS,388-92-8434,"PSC 9909, Box 5434
APO AE 43393",N,miles
416,James Turner,880-47-4506,"965 Williams Views Suite 528
South Bryan, IL 24156",N,miles
417,Tanner Brooks,477-25-9786,"91530 Dana Branch
West Barbaraland, IN 43109",N,hours
418,Lisa Moses,035-08-0206,"76763 Douglas Crescent Apt. 941
South Michaelfort, RI 04221",N,hours
419,Melissa Ritter,848-22-0845,"57178 Wayne Turnpike
Alexismouth, CT 49616",N,miles
420,David Goodman,353-56-6185,"0852 Porter Place Suite 524
East Amandamouth, NE 91223",Y,miles
421,Donna Fuentes,826-32-7713,"1287 Ali Cape
Mendezview, NM 32789",N,miles
422,Sean Juarez,032-19-0618,"36998 Jones Mill
Wilkinsland, GA 80989",N,hours
423,Scott Huerta,274-27-3229,"262 Daniel Vista Apt. 548
Jenkinsshire, ME 60546",Y,miles
424,Brittany Ball,804-13-8693,"442 Daniel Centers Suite 447
North Stephen, WV 66323",Y,hours
425,Charles Bauer,559-97-0943,"0472 Bobby Mills
Lake Jesse, VI 06630",N,miles
426,Debbie Wilkinson,866-99-2744,"7301 Hawkins Center Suite 328
South Nataliefurt, DC 41943",Y,miles
427,Derek Lewis,510-40-6876,"4703 Hernandez Springs Suite 248
New Michael, UT 37667",N,miles
428,Alison Roberts,835-44-7426,"1422 Middleton Bridge
New Kiara, MH 94318",N,hours
429,Wendy Ayala,260-62-2991,"11262 Nielsen Park
New Christinaland, MI 07900",N,hours
430,Brian Wilkinson,649-47-6069,"PSC 1182, Box 4722
APO AP 08895",Y,miles
431,Kyle Morgan,847-21-7371,"4521 Bryan Tunnel Apt. 193
Port Jesseland, NC 85275",Y,hours
432,Jacqueline Rogers,152-65-4033,"6008 Kimberly Greens
Nathanmouth, UT 43714",Y,miles
433,Andrea Marks,881-11-7334,"96380 Bryan Trace Suite 043
Lopezport, IN 59981",Y,hours
434,Charles Flores,538-14-8430,"41251 Thompson Avenue Apt. 302
Port Elizabethborough, IN 74159",Y,miles
435,Dr. Cassidy Mathis,457-19-1890,"49788 Williamson Estates Apt. 145
East Dianaview, ND 22372",N,hours
436,Dr. Natasha Kim,641-51-1452,"USS Ortiz
FPO AE 89686",Y,miles
437,Mark Calderon,063-02-0724,"0705 Jennifer Vista
Port Sarahfort, KY 11195",N,miles
438,Mr. Henry Johnson,007-35-9843,"637 Nathan River
Daniellestad, MP 13833",N,miles
439,Shannon Thomas,161-55-2403,"030 Tina Lodge
Kathrynstad, TN 87136",Y,miles
440,Dr. Emily Boyer DVM,556-60-4634,"61499 Linda Freeway Apt. 527
Christophermouth, DC 30023",Y,hours
441,Angela Pham,007-75-2511,"45863 Daniel Point
Millerborough, IL 38719",Y,miles
442,Christopher Beck,226-91-4381,"80472 Dennis Unions
North Joshua, CA 89509",N,hours
443,Elizabeth Flores MD,627-77-9740,"2460 Smith Orchard
Deannaland, TX 02627",Y,hours
444,Robin Cross,217-60-0182,"15445 Avila Harbors
Port Michael, CO 73865",N,miles
445,Douglas White,368-03-5457,"3435 Donald Ways Apt. 224
West Davidside, LA 88565",Y,miles
446,Derek Ruiz,476-27-0481,"209 Simmons Wells
Port Paul, WY 85177",Y,hours
447,Derek Williams,558-09-6672,"186 Joseph Square Suite 606
South Shawn, IA 32130",N,miles
448,Megan Nichols,537-23-8894,"72574 Jordan Bridge Apt. 114
Jenniferland, UT 21139",N,miles
449,Elizabeth Douglas,721-82-4708,"20079 Gomez Greens Suite 021
Robinsonview, MD 34733",N,miles
450,Michelle Pierce,445-75-3605,"5855 Ortiz Valley
Angelamouth, OH 48349",N,miles
451,Deborah Hendrix,664-04-6256,"7280 Grant Village
Christianport, VI 94451",Y,hours
452,Ashley Bryant,061-49-4700,"0704 Parsons Corners Suite 018
West Robertstad, IN 08001",N,miles
453,Justin Hubbard,072-22-9160,"315 Riley Run
Kimberlyside, WA 52248",N,hours
454,Sharon Reed,301-88-5503,"284 Gibson Estate Apt. 490
East Tinashire, MT 28250",Y,hours
455,Yolanda Copeland,596-79-1510,"7035 Buchanan Springs
Gonzalezshire, MI 83921",Y,miles
456,Courtney Trujillo,808-38-9060,"773 Steven Islands
East Melvintown, AR 57037",Y,hours
457,Karen Padilla,871-62-9434,"63466 Mark Prairie Suite 820
Harrisview, NH 56277",N,miles
458,Johnathan Howard,273-44-3934,"5939 Lewis Village
Christopherfort, OK 50139",N,miles
459,Andrew Rubio,466-14-8781,"149 Haas Pine Suite 771
West Sherrichester, MP 33803",N,hours
460,Matthew Patrick,215-20-1987,"98568 Gordon Hills Suite 175
Chenstad, MN 63311",Y,miles
461,Barbara Crane,101-73-6612,"584 Walker Valley Suite 137
North Anthony, IL 47852",N,hours
462,Craig Schultz,891-29-5699,"137 Anthony Key Apt. 502
Lake Andrew, ME 81525",Y,miles
463,Christopher Farrell,584-26-1746,"720 Rivera Valleys Apt. 059
Cameronview, AZ 99579",Y,miles
464,Bryan Martinez,839-49-7921,"1705 Cassandra Turnpike
Phamtown, OK 33258",N,miles
465,Amanda Mendez,569-50-3551,"USNV Chang
FPO AE 08901",N,miles
466,Angela Riddle,532-36-0222,"3752 Stephen Cape Suite 450
Dakotaland, AS 53892",Y,hours
467,Steven Fitzgerald,751-28-6925,"9905 Barrera Prairie Apt. 602
New Tonya, MS 11604",N,hours
468,Peter Green,378-49-3003,"USCGC Cameron
FPO AA 16441",N,miles
469,Nicole Lewis,751-58-8267,"790 Michelle Mountains
East Jason, AZ 56234",Y,hours
470,Kathryn Carrillo,303-82-5331,"309 James Ramp
Lake Brandon, NC 99631",Y,miles
471,Dr. Scott Martinez,092-88-1447,"90722 Marshall Trafficway
East James, KS 60968",Y,miles
472,Benjamin Nunez,551-72-0513,"90244 Bethany Garden Suite 465
Alisonborough, WV 88466",Y,hours
473,David Todd,267-88-3629,"407 Russell Plain Suite 513
New Amanda, RI 63683",Y,miles
474,Donna Jones,005-05-0277,"1340 Baxter Overpass Suite 781
East Gina, PR 98633",Y,hours
475,Emily Krause,094-81-4647,"3105 Katrina Cove Suite 472
Turnerside, WV 05747",Y,hours
476,Charles Mays,475-40-9539,"503 Martha Islands
Brettland, OK 80135",N,hours
477,Deanna Brown,219-72-6711,"652 Zimmerman Ways
East Richard, VA 46617",Y,hours
478,Ryan Hogan,153-30-4250,"71138 Lorraine Manors
Rhondastad, DC 76873",N,hours
479,Paul Vincent,198-82-3319,"194 Blankenship Streets
Stefanieville, WV 12650",N,miles
480,Andrew York,430-13-6820,"93257 Wilcox Neck
Robinchester, TN 64828",N,hours
481,Devon Frey,494-25-9053,"Unit 0242 Box 3069
DPO AE 35424",Y,hours
482,Sergio Patel,574-13-6430,"9100 Hahn Way
Damonbury, SD 88986",Y,hours
483,Mr. Peter Sanchez,648-90-7824,"768 Robert Turnpike Suite 271
Josephberg, MH 80971",Y,miles
484,Ashley House,692-52-4306,"18848 Lozano Grove Suite 034
Millerburgh, UT 24145",Y,hours
485,Jerry Lane,814-23-9454,"Unit 1307 Box 7928
DPO AA 02675",Y,hours
486,Jason Fitzgerald,692-26-6964,"84567 Miller Lodge Apt. 123
Annetteburgh, VA 06814",N,hours
487,Robert Oconnell,510-43-6438,"239 Perez Estate
New Christopher, RI 21460",Y,hours
488,Kristen Freeman,787-94-0036,"36315 Krause Valley Apt. 009
Ernestview, DE 37543",Y,hours
489,Amanda Weber,373-53-2814,"56239 Veronica Run
Debraside, LA 01651",N,hours
490,Daniel Garcia,621-30-7126,"1027 Moreno Port Apt. 492
Matthewview, TX 33155",N,miles
491,Roy Shah,858-31-1582,"839 Lopez Passage Apt. 052
Connerhaven, PA 77973",N,miles
492,Brian Hunter,823-40-4705,"604 Linda Stream Suite 744
North Donald, VA 94528",N,miles
493,Jeffrey Jones,454-20-3180,"USS Tucker
FPO AE 01906",Y,hours
494,Anna Clark,262-57-1527,"425 Travis Rue Apt. 235
Lisastad, UT 76146",N,miles
495,Anthony Hernandez MD,524-21-7024,"380 Christopher Ramp Suite 270
South Jaredton, NM 09666",N,miles
496,Hayden Sosa,267-84-5080,"02256 Chad Locks Suite 267
East Jennifer, WY 89870",N,hours
497,Theodore Ware,322-76-8844,"21806 Alexander Point Suite 273
Adambury, ME 74235",N,miles
498,Alyssa Smith,475-40-5323,"41356 Hayes Pine
Jasonland, MD 02849",N,hours
499,Theresa Carpenter,284-97-6550,"USNS Lang
FPO AA 26501",N,hours
500,Jesse Smith,653-53-5948,"6777 Smith Port Apt. 473
Rebeccaborough, IA 79894",N,hours
501,Gary Orozco,480-26-4194,"1834 Michael Mountains
New Richardhaven, SD 97454",N,hours
502,Adam Davis,099-16-2200,"9398 Kimberly Overpass
Port Emily, WY 89994",N,hours
503,Kimberly Jenkins,286-64-2194,"537 Baker Crescent Suite 286
North Graceland, WY 40883",N,miles
504,John Cain Jr.,871-22-0271,"979 Newman Plaza
Ballview, TN 48755",Y,hours
505,Christopher Howard,780-57-1077,"2024 Walker Heights
East David, OH 24458",Y,miles
506,John Campbell,107-80-5019,"PSC 3833, Box 3877
APO AP 90593",Y,hours
507,Jesse Cisneros,159-81-5112,"Unit 5108 Box 1880
DPO AA 30945",Y,miles
508,Stacey Cardenas,035-94-4677,"263 Jose Place
Lake Ashleyland, IL 22061",N,miles
509,Brian Buchanan,749-83-1314,"6683 Jennifer Track
Bradleyhaven, AS 80120",N,miles
510,Kyle Payne,040-53-5660,"USNS Butler
FPO AP 34807",N,hours
511,Sheri Singleton,587-22-0738,"5282 Parsons Village
Andersonport, PR 68708",Y,miles
512,Christina Rodriguez,048-94-8549,"9071 Philip Gateway
South Johnhaven, HI 46267",N,miles
513,Mrs. Dawn Adkins,115-39-8661,"16704 Karen Plains Suite 249
South Lori, SD 86378",Y,hours
514,Kimberly Johnson,578-73-7297,"6218 Destiny Valleys
East Nathaniel, MT 44402",N,miles
515,Whitney Hughes,868-46-9776,"827 Wise Isle Suite 199
Hillhaven, VT 11041",Y,hours
516,Lance Duffy,304-30-2508,"038 Johnson Lodge
Harperfort, AL 21869",N,hours
517,Heather Armstrong,655-27-7818,"23369 Brian Viaduct
Lauraburgh, VA 58080",N,hours
518,Matthew Ramsey,161-23-8915,"235 Gregory Pine Apt. 854
Brandonburgh, KS 83666",N,hours
519,Angela Johnson,248-96-1747,"1205 Baldwin Cliffs
Weissmouth, WI 31430",N,hours
520,Brian Griffin,071-50-7250,"842 Espinoza Locks
Peckchester, DE 59211",N,miles
521,Anthony Sanchez,892-04-7188,"123 Dennis River Suite 948
Cooperport, MS 77813",Y,miles
522,Shane Reynolds,036-81-7248,"0129 Frank Village
Lauramouth, ME 67408",N,hours
523,Richard Ortega,219-21-6986,"41531 Charles Well Apt. 381
Santosbury, CT 52669",Y,hours
524,Caitlin Jones,757-20-6097,"6525 Hall Underpass
East Angelaberg, TX 99614",Y,miles
525,Megan Fleming,144-37-9531,"9018 Ronald Trace Suite 378
Davidberg, AK 91811",N,hours
526,Laura Martin,844-50-8356,"6243 Amber Flats Apt. 644
Lake Emilyshire, FL 42521",Y,miles
527,Mark Marshall,761-08-9492,"35165 Rodriguez Bridge Suite 647
Port Kerryville, AS 97330",N,miles
528,Cindy Hooper,575-24-2594,"8588 Harvey Islands Suite 322
Ryanview, NY 18900",Y,miles
529,Diane Harrison,888-19-5397,"786 Dwayne Villages
Ashleystad, AK 66611",Y,miles
530,Kent Fitzgerald,811-93-2702,"513 Mckinney Route Suite 949
Martinezland, KY 59392",Y,miles
531,Brandy Morrow,613-35-7879,"077 Stephanie Well
Natashahaven, MN 41063",Y,hours
532,Colin Blair,270-57-4753,"6261 Nina Drive
South Monique, NJ 53485",N,hours
533,Dominic Rodriguez,577-89-2162,"4187 Wallace Keys Suite 238
Ronaldfort, ME 49830",Y,hours
534,Eric Vance,024-42-2718,"1505 Alexander Avenue Apt. 742
Codyshire, AK 29017",Y,hours
535,Rodney Hale,300-14-8530,"19585 Veronica Shoals Apt. 595
Adamchester, MN 17390",N,hours
536,David Rivera,804-23-2425,"985 Diane Inlet
North Jillianside, RI 08988",N,hours
537,Helen Douglas,136-53-4067,"57773 Melvin Tunnel
West Carmenmouth, CO 50859",Y,hours
538,Shelly Patrick,169-32-3737,"1995 Hahn Locks
West Michael, ND 33159",Y,miles
539,Amber Rogers,490-62-1150,"15491 Michael Viaduct
Elizabethstad, NC 96713",Y,hours
540,Devin Henson,750-07-3557,"734 Pittman Mill
Brianside, NY 38669",N,miles
541,Justin Sexton,895-40-0205,"7844 Smith Flat Suite 542
Williamsville, NJ 92208",N,miles
542,Vanessa Thomas,708-26-7822,"96037 Turner Isle Apt. 545
East Charlesville, SD 12251",Y,miles
543,Melissa Castro,798-50-7386,"190 Dunn Course Suite 135
North Kenneth, PW 24465",Y,hours
544,Donald Silva,176-57-9358,"410 Ashley Ford Suite 871
Andersonmouth, VI 75650",N,hours
545,James Morrison,294-48-3326,"82820 David Manor Suite 405
Martinmouth, ND 10144",N,miles
546,Austin Hughes,078-99-9626,"191 Zamora Meadows Suite 102
Coxbury, IA 48551",Y,miles
547,Brandi Sanders,039-89-0359,"368 Jorge Causeway
New Lindamouth, NM 81767",Y,miles
548,Michele Erickson,583-47-6811,"08703 Cooper Drive Apt. 660
West Nathaniel, UT 50701",Y,hours
549,Tamara Medina,623-02-6021,"842 Kimberly Crossroad
North Kevinton, WY 91922",Y,miles
550,Jesse Mcmillan,144-27-1459,"534 Joseph Knoll Apt. 542
Armstrongview, MI 08706",Y,hours
551,Allison Hammond,573-62-5356,"8814 Sherry Place
Hannahberg, NC 37643",N,hours
552,Thomas Snyder,313-24-7704,"461 Chambers Lake
South Sandra, MI 03604",Y,miles
553,Derek Hogan,323-98-8383,"5096 Goodwin Club
West Valerie, OK 81188",Y,hours
554,Teresa Johnson,169-28-2674,"1676 Perry Fort Apt. 693
North Stacyburgh, TX 52069",Y,hours
555,Robert Humphrey,115-07-3497,"PSC 6803, Box 1570
APO AA 61480",Y,miles
556,Joseph Snyder,787-67-4226,"11311 Lee Fork Suite 579
Williamsonside, NJ 06449",N,miles
557,Jesse Howell,491-01-9356,"05405 Hernandez Track Apt. 288
Stephanieville, NH 06717",Y,miles
558,Vanessa Morgan,112-20-6763,"8393 Pollard Fields Suite 981
South Steven, NV 05967",Y,miles
559,Amy Brown,384-50-0972,"7355 Mark Terrace Suite 123
Georgeberg, FL 81016",Y,miles
560,Brian Thompson,415-92-7832,"39713 Tran Manor Suite 797
South Lorettatown, MI 42413",Y,hours
561,Kerri Moore,440-74-1328,"51423 Bryant Junctions
Lake Emilystad, MH 75097",Y,miles
562,Patrick Harvey,820-63-5761,"53166 Rodgers Flats
New Cassidyborough, VA 91235",Y,miles
563,Katelyn Christian,847-46-5056,"8011 Stephanie Keys
New Laura, VT 63900",Y,hours
564,Angela Brown,438-60-9717,"345 Megan Lane Suite 469
Samuelchester, WI 92922",N,miles
565,Nicole Mullins,819-48-4250,"71337 Reilly Passage Apt. 674
Port Erika, VT 16747",Y,miles
566,John Chapman,289-74-5153,"5269 Chad Brook Suite 188
East Katrinaville, WV 62852",Y,miles
567,Kelly Phillips,132-48-9500,"5421 Jenna Squares Apt. 379
East Mariaport, RI 69633",N,miles
568,Amy Brooks,591-60-6835,"8104 Eileen Branch Suite 166
Mariastad, WA 36325",Y,miles
569,Matthew Davis,552-96-3085,"69754 Carlos Locks Suite 043
Daviesmouth, FM 19006",N,hours
570,Sandra Perez,274-63-6158,"214 Moran Harbors
North Alicia, PW 09793",N,hours
571,Lindsay Padilla,102-86-7092,"5302 Evans Burg Suite 663
Yateston, PR 07793",Y,hours
572,Alicia Guerra,002-80-5378,"3102 Vega Brook
West Nicoleville, MS 56170",N,hours
573,Mrs. Brittney Lawrence,505-10-5768,"65120 Medina Locks
Garrisonland, NV 82932",Y,miles
574,Brendan Hurst,038-45-8596,"2499 Mary Circles
Stephanieville, DC 81159",N,miles
575,Peggy Zhang,238-68-4650,"9080 Swanson Loop Suite 391
Elizabethfurt, SC 69107",Y,hours
576,Carly Riley,343-52-7156,"2945 Victoria Heights
Michaelport, DE 40748",Y,hours
577,Alexis Davenport,512-76-2226,"USNV Acevedo
FPO AA 91860",N,miles
578,Amanda Morris,146-68-5611,"970 Lewis Road Suite 690
Lake Traciburgh, ID 49894",Y,hours
579,Drew Griffin,325-47-3221,"456 Andrew Park
Michaelabury, ME 54183",Y,miles
580,Bonnie Leblanc,879-54-3600,"264 Gonzalez Ports
South Beth, GA 11891",N,hours
581,Kathy Rhodes,602-67-9477,"65101 Cruz Turnpike
Chambersfurt, VA 37740",N,miles
582,Connor Reyes,730-49-0590,"765 Gabrielle Wall Suite 676
Rebekahville, IN 94677",Y,miles
583,Tony Ball,811-04-0011,"56397 Jason Creek Suite 423
Bishopmouth, GA 24809",Y,miles
584,Brian Mullins,402-43-6065,"264 Gomez Drive
South Jasonview, SC 84707",N,miles
585,Jennifer Russell,795-65-7615,"9534 Douglas Causeway
Port Cynthiaside, SD 29751",Y,miles
586,Jenna Castro,189-54-8902,"362 Jackson Route
Darrenside, GA 72171",Y,hours
587,Logan Cooper,426-62-8945,"1160 Kimberly Landing Suite 696
Richardstad, GA 20837",Y,hours
588,Brett Roberts,299-32-2426,"USNS Anderson
FPO AA 89790",Y,miles
589,James Powell,442-34-3936,"22743 Derek Unions
New John, TX 81781",Y,hours
590,Shannon Garrett,500-90-8473,"1189 Arnold Dale Suite 160
Palmerstad, GA 63800",Y,hours
591,Emily Martin,828-56-8089,"996 Brandon Loop
Susanside, FL 69323",N,hours
592,Victoria Hall,183-77-3521,"94918 Marsh Mountains Suite 759
Josephshire, AS 47601",N,hours
593,Michael Wolfe,807-98-8382,"676 Jordan Street Suite 955
Victoriamouth, NH 60885",Y,hours
594,Christina Mullen,638-62-6213,"6163 Brandi Park
East Lisa, MT 28238",N,miles
595,Cody Campbell,458-17-2968,"62743 David Port
South David, GU 69926",Y,miles
596,Pamela Smith,121-06-6747,"92690 Kristen Keys Suite 501
Elizabethmouth, DC 17871",N,miles
597,Anthony Coffey,661-70-5113,"781 Jacqueline Fort
Jackstad, GU 30059",N,miles
598,Olivia Campos,300-70-4910,"307 Jessica Manors
Velasquezhaven, AS 76109",Y,hours
599,Christopher Thomas,725-13-8244,"683 Hendrix Run
Lauramouth, PW 24685",N,miles
600,Kyle Franco,548-78-8583,"76696 Andrew Canyon
Lake Jeremyhaven, AZ 81720",N,hours
601,Elizabeth Perkins,509-73-8914,"Unit 4315 Box 8634
DPO AA 56726",N,hours
602,Patricia Ray,612-84-6698,"USS Smith
FPO AP 83288",Y,hours
603,Ms. Amanda Barry,382-86-7133,"08272 Kane Plains Suite 920
Ariasville, ME 84424",N,hours
604,Kelly Foster,025-33-5236,"90294 Wheeler Trail Suite 856
East Ryanbury, OR 70869",Y,miles
605,Anthony Sutton,311-50-7121,"353 Kirk Manor Apt. 988
East Katherine, PA 31393",Y,hours
606,Stephanie Reyes,298-28-3490,"11984 Lisa Locks Apt. 528
Washingtonhaven, OH 43956",Y,hours
607,Bradley Evans,042-50-7561,"213 Kyle Skyway
Fosterborough, AK 00748",Y,miles
608,Nathan Robertson,587-88-4486,"4302 Russo Rapid Suite 002
Medinaland, SD 16838",N,miles
609,Robert Medina,765-02-9627,"436 Ferguson Forest Suite 493
Lake Cameron, MO 64023",N,hours
610,Cody Burgess,153-90-5397,"8497 Petty Wall
Spencerland, TN 83153",Y,miles
611,Raymond Green,257-15-5159,"9322 Tracy Harbor Apt. 236
East Lisamouth, TX 57387",N,miles
612,Richard Young,086-60-4846,"8723 Steven Trail
West Jesseton, AL 08628",N,hours
613,Amy Wilkinson,001-28-6407,"4027 Williams Haven Apt. 171
Gilberttown, KS 20275",Y,miles
614,Tammy Quinn,407-96-7046,"07044 Moody Fort Suite 493
Lake Patrickborough, ME 04250",N,miles
615,Ashley Owen,587-80-9656,"9233 Melissa Key
East Davidmouth, ME 36138",Y,miles
616,Christina Doyle,357-06-0357,"244 Cameron Point Apt. 172
Gallagherberg, HI 10537",Y,miles
617,Victoria Dougherty,573-63-1375,"13470 Kristen Unions Suite 582
Meyerborough, NY 05649",N,miles
618,Andrew Bartlett,267-23-2750,"963 Brian Club
North Jasmine, UT 14840",Y,miles
619,Anthony Williams,488-68-3317,"651 Booker Fields Apt. 570
Danielsshire, WV 85135",N,hours
620,Dillon Potts,256-18-2029,"7772 Medina Crossroad Suite 623
Danielshire, VT 81986",N,miles
621,Shirley Miranda,041-30-3970,"994 Smith Island Suite 674
North Kevin, HI 55561",N,hours
622,Darlene Howard,419-98-5796,"Unit 1415 Box 8939
DPO AP 84632",N,miles
623,Ashley Wilson,590-62-8039,"9182 Reid Ports
Patriciaburgh, MD 04300",N,miles
624,Samuel Roberson,339-84-9324,"11364 Natalie Stream Suite 177
Lake Sarah, MS 31302",Y,miles
625,Craig Miller,649-23-1427,"2325 Mitchell Gardens
East Ashleyland, OR 46606",Y,miles
626,George Raymond,819-76-0757,"4345 Ann Shoal Suite 047
Solisside, DE 89359",N,hours
627,Andrea Baker,719-38-5457,"992 Mckinney Overpass Suite 346
West Staceyton, RI 16133",Y,miles
628,Kelsey Guerra,369-74-4864,"6234 Jeffrey Vista Suite 739
South Michelleshire, NH 31528",N,hours
629,Bobby Harding,507-85-5079,"31367 Fisher Land
New Angela, WI 25002",Y,hours
630,Sara Sanchez,570-88-8207,"390 Lambert Centers Suite 994
Romanport, PR 30792",N,miles
631,Robert Meyer,586-57-8101,"USNS Rasmussen
FPO AP 82836",N,miles
632,Jennifer Smith,397-27-2618,"PSC 7565, Box 5757
APO AA 65175",N,hours
633,Melinda Lopez,115-33-9719,"31386 Edwards Passage
North Kylehaven, FM 65068",N,miles
634,Kelsey Duncan,686-98-2301,"95271 Danielle Trace
Foleybury, NV 61387",N,miles
635,Diana Walker,469-65-2756,"819 Robert Trail
Torresview, MT 45262",Y,hours
636,Amber Johnson,721-09-2735,"63771 Fox Ford
Monicaview, NY 73183",N,hours
637,Steven Banks,478-51-4223,"51112 Aaron Prairie Apt. 644
Perezchester, AZ 06105",Y,hours
638,Michael Charles,588-09-4992,"61273 Thomas Highway
Robertfort, OR 60026",N,miles
639,Amy Adams,093-09-0297,"28254 Jill Streets Suite 970
Valenciaburgh, SD 69538",Y,hours
640,Christine Hart,344-38-0498,"7755 Webster Station Suite 604
Johnstad, LA 25470",N,miles
641,Steven Perry,311-32-6920,"230 John Lane Suite 983
Brittanyville, FL 33059",N,miles
642,Ethan Guzman,099-10-9624,"0258 Melissa Mountain
Susanside, WV 64787",N,miles
643,Vincent Hunter,746-46-6014,"09479 Lisa Haven Apt. 613
New Jennifer, UT 15337",Y,hours
644,Brian Berry Jr.,862-04-6334,"039 Sims Corners
Port Mindy, VT 55368",N,hours
645,Mary Barber,344-43-4275,"PSC 9748, Box 3528
APO AA 54594",N,miles
646,Robert Johnson,612-75-5312,"38966 Marshall Manor Suite 263
New Jillville, DC 29751",N,miles
647,Nathan Morris,304-74-5337,"991 Mary Ford Apt. 812
Port Brittney, AS 26331",N,hours
648,Terri Thornton,163-40-0665,"7665 Michelle Valleys Suite 233
South Denise, NY 13219",N,miles
649,Matthew Hansen,559-56-1785,"895 Claudia Point
Lake Jessica, NY 76611",N,hours
650,Katherine Tran,259-64-7271,"959 Johns Forks Apt. 660
Wendystad, MP 80976",N,miles
651,Brittany Garrett,273-23-3109,"6837 Kelly Flats Suite 524
North Tracey, MS 76350",Y,hours
652,Thomas Payne DDS,449-09-8454,"930 Joshua Stream
Lake Robert, AR 10784",Y,miles
653,Carmen Castro,844-35-6184,"66498 Ellen Villages
Meganview, AR 48296",N,miles
654,Desiree Rogers,782-14-5797,"3326 Matthew Bypass Apt. 572
Port Derricktown, VT 61957",N,miles
655,Mr. Jeremy Moore,780-93-4078,"7154 Martin Mission
New Gabriel, GU 74061",Y,miles
656,Kim Silva,323-43-3660,"598 Fletcher Lakes
North Martinton, DE 16985",Y,miles
657,Kimberly Burton,675-43-4969,"0911 Christopher Plain Apt. 027
South Ernestfurt, NY 03956",Y,hours
658,Cynthia French,651-24-2612,"77656 Patterson Camp Apt. 508
South Andreview, SD 09649",Y,hours
659,Kayla French,449-66-0076,"092 Elijah Oval
Diamondbury, CO 88191",N,miles
660,Aaron Hernandez,147-23-0747,"8370 Walker Mission Suite 853
Jameschester, TX 52828",N,miles
661,Andrew Olsen MD,322-40-6107,"088 Kimberly Spur
North Stephanie, WY 21506",Y,miles
662,William Nichols,672-37-6534,"3549 Durham Stravenue
Pennyborough, PR 49721",N,miles
663,Dr. Luis Obrien,148-98-8191,"236 Amy Plaza
Lake Leslie, UT 03472",N,miles
664,Elizabeth Rose DVM,168-59-5885,"58857 Sandoval Courts Suite 629
Port Gail, HI 12157",N,hours
665,David Ruiz,054-21-3531,"PSC 7446, Box 9982
APO AA 44363",N,miles
666,Bobby Matthews,541-20-9455,"994 Christopher Locks Suite 867
Wrightmouth, NV 61409",Y,hours
667,Jennifer White,495-83-4121,"PSC 3723, Box 9602
APO AE 23536",N,miles
668,Christina Friedman,795-39-1883,"86166 Cheryl Circles
Leefurt, ND 79677",Y,miles
669,Carmen Strickland,660-55-5302,"61843 Harris Port
Andersenland, MN 50692",N,miles
670,Daniel Fletcher MD,375-75-1149,"9418 Carl Unions
Alyssashire, AZ 50011",N,hours
671,Joseph Gordon,410-93-5166,"7586 Tracy Common Apt. 482
Lake Stacey, IA 43726",N,miles
672,Richard Hunt DDS,608-50-3966,"211 Torres Unions
South Mary, WI 51193",Y,hours
673,Michelle Morris,710-22-1088,"80151 Yates Plaza Suite 781
West Mark, FM 60325",Y,miles
674,Wanda Davis,482-87-0201,"795 Bush Plaza
West Susan, NV 31467",Y,hours
675,Daniel Russell,184-76-1282,"4063 Kurt Crossing
South Jamiefurt, IL 76619",Y,miles
676,Kimberly Hess,343-73-3097,"6429 Melton Isle Apt. 246
Brianton, NY 08378",N,hours
677,Michael Henderson,501-16-7240,"USNS Roach
FPO AE 21298",Y,hours
678,Sarah Cook,573-47-7788,"08537 Patel Point Suite 247
Ericbury, NH 23112",N,miles
679,Christopher Ruiz,445-41-5709,"355 Rachel Curve Apt. 305
Angiestad, PA 21049",N,miles
680,Timothy Mullins,773-17-5812,"279 Christopher Square Apt. 999
New Brandon, MN 22868",Y,miles
681,Amanda Sanford,481-12-5102,"68940 Munoz Bypass Apt. 211
East Melissatown, ND 47309",N,hours
682,Daniel Herrera,649-79-5921,"05725 Justin Manors Suite 824
East Caseyfort, NV 12858",N,hours
683,Edwin Robinson,562-32-2490,"793 Louis Oval Suite 919
Christopherside, ID 66595",N,hours
684,William Jacobs,871-71-4307,"54883 Ronald Turnpike
Elizabethbury, KY 79854",N,hours
685,Judy Wright,355-56-5650,"506 Howard Lodge Apt. 968
Bakerside, WY 45800",Y,miles
686,Kristina Vaughn,005-45-4419,"360 Gregory Summit
Hillmouth, AS 14054",Y,miles
687,Kimberly Henderson,510-78-1925,"PSC 5629, Box 5822
APO AA 15273",Y,miles
688,Kenneth Rodriguez,559-53-7150,"858 Edwards Mews Apt. 713
North Melissashire, MA 93432",Y,hours
689,Cindy Townsend,720-49-4660,"37407 Michael Loaf
East Victor, AZ 11015",Y,hours
690,Allison Moore,510-44-0312,"72375 Alvarez Drive Apt. 683
Seanside, AL 11694",Y,miles
691,Beth Levine,159-54-9741,"4760 Michael Manors
Kiddberg, CA 45461",Y,hours
692,Nicole Zamora,473-98-0018,"43448 John Stravenue Apt. 817
East William, KS 53555",Y,miles
693,Jennifer Smith,388-15-7749,"3872 Crystal Place
West Scott, ID 24189",Y,hours
694,Jonathan Wolf,298-21-6495,"1656 Aaron Spring Suite 285
Hughesview, AS 64724",Y,hours
695,Deborah Johnson,208-38-4546,"660 Williams Mission Apt. 095
West Jacob, PA 14801",Y,miles
696,Rachel Gomez,620-10-1485,"7316 Padilla Ways Suite 090
Anthonyport, AL 37477",Y,hours
697,Sharon Jennings,702-38-1016,"746 Nguyen Hill
Ryanfurt, MO 38735",Y,hours
698,Mark Lewis,501-29-1863,"Unit 2073 Box 0524
DPO AA 12426",N,miles
699,Brenda Mcdonald,125-53-8234,"814 Crane Field Apt. 758
Port Denise, CO 09998",N,hours
700,Donald Forbes,187-01-0394,"93939 Dyer Junctions Apt. 756
Maloneside, DE 19467",N,hours
701,Rachel Payne,038-98-0492,"96802 Candice Road Apt. 797
New Jeffrey, SC 76768",Y,hours
702,Denise Oliver,775-95-0072,"7334 Michael River
New Shanestad, LA 61858",Y,hours
703,Jacqueline Johnson,639-28-1797,"PSC 7350, Box 6825
APO AA 01965",Y,miles
704,Colleen Roberts,504-85-9775,"USNV Forbes
FPO AP 11017",N,hours
705,Christine Wright,033-07-7802,"67712 Carson Centers
West Emily, WA 72923",Y,hours
706,Natalie Flores,586-57-3253,"259 Maria Plains
New Brandon, TN 37465",N,hours
707,Kevin Wright,492-43-3499,"326 Ashley Crossroad Suite 507
Port Victoriaview, IN 30516",Y,miles
708,Tracey Brewer,634-11-3831,"8147 Amber Summit Apt. 820
North Rebecca, GA 36601",Y,hours
709,Kayla Orr,258-03-7065,"489 Reed Ville
New Robinview, MN 61367",Y,miles
710,Keith Miller,577-53-0379,"0299 Jason Wells
Johnsonville, NE 16278",Y,hours
711,Samantha Williamson,552-78-2758,"24418 Anthony Burg Suite 875
North Rachelview, VI 55241",Y,hours
712,Brenda Byrd,362-34-9665,"2229 Kelly Spurs Apt. 249
East Emilyberg, KS 22643",Y,miles
713,Evelyn Thompson,630-93-1037,"50174 Judith Junctions
North Angela, NJ 66988",Y,hours
714,Curtis Henry,361-04-5513,"2138 Thompson Mall
Whiteburgh, NC 34173",N,miles
715,Elizabeth Mcintosh,429-40-3985,"51473 Amanda Union
Walterchester, NY 66863",N,miles
716,Christopher Phillips,069-12-0650,"1542 Moore Forest Apt. 821
Melissaburgh, LA 75621",N,miles
717,Mrs. Carol Thornton,764-90-2012,"85100 Cortez Mall
Lake Bruceton, MH 19685",Y,miles
718,Tara Harrison,647-27-4666,"262 Lee Center
New Frederick, AR 73826",Y,miles
719,Sara Zhang,486-26-8206,"USNS Murray
FPO AP 02970",N,hours
720,Jeremy Hawkins,269-66-3200,"28887 Smith Manor
Brownshire, DE 40053",N,hours
721,Tonya Turner,174-31-5323,"887 Miller Manors
West Linda, MO 99896",Y,miles
722,Bonnie Tran,216-10-8371,"29277 Jennifer Haven Apt. 492
South Williammouth, MD 76430",N,miles
723,Robert Duncan,124-65-0391,"653 James Crossroad
Williamsburgh, NH 08683",Y,hours
724,Linda Stanley,669-23-8061,"27121 Alexandra Roads
Lake Christine, MI 46008",Y,hours
725,Patricia Kidd DDS,114-58-4750,"945 Davies Cape
Lake Richard, MD 30077",N,miles
726,Christina Davis,562-96-5540,"USNS Shelton
FPO AE 95000",Y,miles
727,Emily Hood,465-15-9044,"0292 Ryan Path
East Linda, CO 23839",N,hours
728,Annette Curtis,209-20-9645,"5113 Phillips Junction Apt. 543
East Elainehaven, IL 77355",N,hours
729,Matthew Shelton,150-47-5296,"046 Michelle Ways
Riverabury, AR 86488",Y,hours
730,Alexander Roberts,241-98-6919,"PSC 8461, Box 4577
APO AE 78044",N,miles
731,Mary Fisher,165-09-3130,"USNV Richardson
FPO AP 40717",Y,miles
732,Allen Gomez,315-63-2443,"097 Michael Lane Suite 186
South Heatherchester, AZ 82598",Y,miles
733,Sharon Collins,285-39-6981,"74403 Brian Inlet Apt. 772
South Danieltown, SC 17723",Y,miles
734,Monique Delgado DVM,568-81-0145,"PSC 4302, Box 5812
APO AE 98483",Y,miles
735,Thomas Griffin,196-24-9420,"777 Nina Road
West Elizabethfurt, AL 73480",Y,hours
736,Troy Cook,865-39-0529,"781 Pace Forges
Amandaville, GU 55359",N,hours
737,Amy Nash,441-37-0948,"411 Evan Turnpike
South Jasonborough, TX 46049",N,miles
738,Stacey Russell,036-14-7899,"58812 Brian Trace Suite 783
Popebury, NE 75124",Y,miles
739,Jessica Jones,607-31-2006,"1423 Wilkinson Course
North William, RI 47921",Y,miles
740,Christopher Holder,391-35-0768,"757 Veronica Turnpike Apt. 422
South Stephenfurt, CT 35012",N,hours
741,Duane Henderson,689-99-9248,"79197 Ryan Inlet Apt. 671
Charlottestad, MS 23640",Y,miles
742,Jorge Long,745-14-8557,"USNS George
FPO AE 83961",N,miles
743,Jerry Mcintyre,405-60-7140,"61575 Valerie Path
Pammouth, SD 46237",N,hours
744,Tanya Obrien,476-42-0817,"5809 John Place
South Roberthaven, PR 86516",N,miles
745,Frank Swanson,711-66-2439,"6982 Johnson Bridge
Lake Cathyfort, ID 06536",Y,hours
746,Michael Leblanc,759-93-9647,"45019 Berg Courts Apt. 581
Tammyhaven, RI 46771",Y,miles
747,Kristina Pena,456-14-0959,"13543 Cynthia Knolls
Nancyfurt, MP 59701",Y,miles
748,Ashley Erickson,495-26-9927,"01305 Perry Courts
Port Joshualand, GU 84039",Y,miles
749,Alexander Smith,888-07-5004,"4749 Campbell Parks
East Darren, NH 44129",Y,miles
750,Dakota Smith,117-04-2229,"913 Ryan Station Apt. 780
Lake Christieside, MO 03856",Y,miles
751,Kevin Butler,572-92-6207,"448 Perry Street
Cooperberg, AS 05847",Y,miles
752,Brian Conrad,522-94-1598,"USNS Byrd
FPO AA 89499",N,hours
753,James Green,820-40-4702,"PSC 7619, Box 3201
APO AA 99583",Y,miles
754,Rhonda Martin,259-42-0174,"368 Allison Views Suite 994
Port Mackenzie, FM 12107",Y,hours
755,Paul Colon,868-03-0868,"Unit 9300 Box 8797
DPO AP 17147",Y,miles
756,Kenneth Valentine,070-07-9412,"3446 Gregory Road
West Shelleyport, ND 87428",Y,hours
757,Ryan Kerr,248-79-2306,"804 Peter Circles Suite 969
East Michaelborough, AK 55173",N,miles
758,Meagan Thompson,236-60-8110,"393 Hunt Squares
New Deborah, SC 67612",Y,miles
759,Deborah Harrell,382-35-9633,"904 Monica Trail Apt. 890
Sandersfurt, AR 32207",Y,miles
760,Christina Gaines,008-96-6457,"USS Smith
FPO AP 21203",N,hours
761,Michelle Ayers,896-33-7727,"7171 Samantha Springs Apt. 734
East Dawnview, OK 16152",N,hours
762,Courtney Norris,188-33-4772,"277 Jacob Crescent Suite 127
Edwardport, NJ 40455",N,hours
763,Julie Cole,353-55-6385,"58888 Tina Coves Apt. 749
Laurahaven, MI 91033",Y,miles
764,Mr. Mark Bradley,768-02-4974,"8528 Thomas Flats
South Randallport, NJ 05874",N,hours
765,Stacy Pratt,322-44-2375,"PSC 5048, Box 1391
APO AP 98112",Y,hours
766,Jennifer Wood,473-58-2470,"02324 Nancy Park
Monicamouth, ID 90382",Y,hours
767,Angela Reeves,365-88-2161,"244 Pamela Track
Nicoleburgh, CA 47731",Y,hours
768,Alexis Kennedy,496-91-1282,"695 Chapman Center Suite 791
East Stephaniefort, NH 18782",N,hours
769,Kathleen Randall,028-86-4175,"14576 Contreras Ford Apt. 784
South Adamview, ND 64126",Y,hours
770,Sharon Chen,240-88-0052,"8482 Gray Point
East Amanda, AK 59071",Y,hours
771,Ashley Taylor,670-31-6743,"8898 Leslie Mountains Apt. 429
North Edwardberg, GU 85727",N,miles
772,Jesse Harper,835-68-4720,"03558 Maria Greens Apt. 587
New Lisa, GA 82810",Y,miles
773,Kelly Wood,148-93-3372,"89154 Parks Street Apt. 303
Cassandrachester, OH 23018",Y,miles
774,Molly Ramos,826-96-7300,"6917 Williams Highway Suite 028
North Kyleberg, NM 93009",Y,hours
775,Matthew Wright,646-79-3257,"897 Patricia Streets
West Shaneton, OK 66751",Y,hours
776,Michelle Hayes,644-17-2225,"4794 Hunter Ramp Apt. 009
North Laurenfurt, OK 73326",Y,hours
777,Kenneth Dyer,076-03-2722,"7824 Amy Pine
Davidhaven, MO 55084",N,miles
778,Peter Gamble,198-60-9066,"USNS Rogers
FPO AE 55604",N,miles
779,Jessica Boyd,330-23-4291,"1257 Karen Field Apt. 267
South Thomastown, CO 73400",Y,hours
780,Matthew Black,670-87-6154,"72558 Mary Points Suite 276
Scotthaven, OH 98814",N,miles
781,Leslie Fuller,198-42-5299,"571 Snyder Groves
South Georgetown, ME 37253",N,hours
782,Brendan Smith,267-06-5915,"2209 Maxwell Isle Suite 988
Hollyshire, PA 83769",Y,miles
783,Juan Andrews,856-34-3349,"549 Johnson Stravenue Apt. 199
West Paul, NM 40112",Y,hours
784,Nicholas Moreno,454-14-5320,"2960 Kristin Cliffs Apt. 087
Amberburgh, TN 44059",N,hours
785,Anthony Mccormick,298-99-6783,"96117 Roger Pike Suite 519
Lewischester, SD 15049",Y,miles
786,Hannah Randolph,013-89-3718,"838 Bray Junctions
Kimberlyville, KY 86613",N,miles
787,Susan Fox,095-35-8588,"4683 Jennifer Drive
Lake James, VA 85379",Y,miles
788,Jasmine Taylor,763-09-5611,"PSC 9149, Box 2055
APO AA 20923",N,hours
789,Christina Mendoza,439-24-0197,"40119 Taylor Bypass Apt. 516
Lake Samuel, DE 22156",Y,miles
790,Caitlin Archer,140-03-7510,"045 Thomas Prairie Suite 613
East Wendytown, KY 69719",N,hours
791,Craig Harris,751-30-3953,"PSC 9610, Box 0694
APO AE 81487",N,miles
792,Alexandria Johnson,880-34-9143,"5467 Matthew Haven
Hillmouth, CA 21826",Y,hours
793,Elizabeth Salazar,391-76-4885,"09002 Daniel Flats Suite 255
Lake Amyland, IL 07987",N,hours
794,Arthur Garcia,111-29-9270,"82115 Elizabeth Place Apt. 516
Kristaside, MS 41273",N,hours
795,Amanda Dawson,353-18-2982,"8832 Steven Shoals
Toddborough, WV 34912",N,miles
796,Kyle Wade,770-92-4520,"56789 Valdez Via Suite 512
North Paige, AL 57007",N,hours
797,Patrick Wilson,719-06-5401,"4065 Vance Bridge Suite 396
Christopherville, ND 38951",N,miles
798,George Clark,001-09-4425,"6242 Christopher Flats
Melissaburgh, MO 64978",N,hours
799,Alexander Lopez,465-11-7336,"54168 Rhodes Shoals Apt. 687
New Susanville, KY 01418",Y,hours
800,Andrew Castillo,858-42-5866,"880 Gordon Plains
Lake Ronaldhaven, MD 22517",N,hours
801,Veronica Burch,215-15-3253,"81537 Laura Lock
Port Jeffery, TX 61183",N,miles
802,Jose Cox,585-33-1412,"49709 James Locks
South Jacobton, ID 58391",N,hours
803,Jessica Perez,659-52-4897,"366 Mcpherson Squares
Rushland, NV 53032",Y,miles
804,Megan Alexander,527-19-0470,"2895 Barr Neck Apt. 624
New Katherine, PW 82497",N,miles
805,Alexander Scott,574-11-5433,"5333 Merritt Camp Apt. 324
North Melindamouth, WV 83053",N,miles
806,Diane Wright,208-05-6126,"241 Marsh Ridges
South Sheenaland, DC 74201",Y,hours
807,Michael Moon,398-45-5057,"USNS Evans
FPO AA 18670",Y,hours
808,Kayla Hopkins,766-76-1076,"56325 Allen Island Suite 278
West Jefferyton, ID 43640",Y,hours
809,Greg Morgan,765-98-1133,"Unit 5991 Box 7601
DPO AP 91496",Y,hours
810,Holly Williams,795-61-8153,"Unit 0103 Box 1299
DPO AP 65213",Y,hours
811,Alicia Wilson,502-86-4162,"USNV Thomas
FPO AE 99886",Y,hours
812,Justin Wiggins,899-56-2584,"73810 Candace Mountain
Ballhaven, WA 60869",Y,miles
813,Corey Martinez,497-84-9489,"5062 Wilson Lodge Suite 988
East Jason, ME 47779",Y,hours
814,Yesenia Hart,087-51-0751,"292 Brian Forges
Jaredburgh, VA 05137",Y,hours
815,Karen Roberts,863-66-9183,"8379 Smith Fork
South Jessicashire, GU 39606",Y,hours
816,Roberto Barker,885-26-3270,"295 Laura Rest Apt. 693
Johnsonmouth, IA 62291",Y,hours
817,Frank Hernandez,782-68-5429,"83733 Ramirez Mountain
North Ericstad, WV 40450",Y,miles
818,Jennifer Peters,303-82-8251,"88893 Kayla Rest
Jasonmouth, RI 53700",N,miles
819,Jesse Hernandez,180-51-6132,"7471 Robert Tunnel Apt. 488
Brookshaven, NC 84511",Y,miles
820,Austin Martinez,584-84-5937,"632 Patel Pike Apt. 429
North Frank, VA 34197",N,miles
821,Andrew Williams,888-50-9568,"38123 Yates River Suite 440
Davidmouth, OK 09370",Y,hours
822,Stephen Lewis,548-73-8947,"4156 Randall Dam
Damonmouth, IN 41662",N,hours
823,Misty Adams,360-94-2547,"43861 Eugene Radial Suite 973
Deborahland, WV 21810",N,hours
824,Tonya Burns,672-21-3400,"4551 Harrington Mill Apt. 023
North Heathertown, MA 79585",Y,miles
825,Cory Moore,442-50-5112,"8825 Brown Circle Suite 065
South Michael, VT 04090",Y,miles
826,Hannah Padilla,348-04-6767,"0138 Gray Shore Apt. 071
Changborough, GA 56138",Y,miles
827,Gary Parker,268-98-3636,"806 Kevin Plaza
South Jasonside, PW 66679",N,hours
828,Juan Cox,160-53-8578,"38870 Hamilton Burgs
Port Terriport, KS 99082",Y,miles
829,Jerry Smith,736-35-8732,"7621 Johnny Burgs Apt. 807
Salazarbury, ME 91157",N,miles
830,Sherry Fox,135-56-2469,"5589 Stephen Track Apt. 734
Port Bruceborough, MA 99099",Y,miles
831,Daniel Taylor,525-26-9670,"471 Johnson Prairie Suite 182
East Angelaland, ID 93601",Y,miles
832,Christopher West,152-66-5508,"81585 Timothy Drive
New Janettown, DE 04174",N,miles
833,Tyler Scott,701-64-3685,"Unit 3113 Box 0370
DPO AE 21110",N,hours
834,Kimberly Smith,434-35-3099,"PSC 7083, Box 6379
APO AA 61844",N,hours
835,Sara Clark,078-74-8146,"74449 Foster Center
Allentown, AS 32411",N,miles
836,Edgar Smith,369-17-3723,"079 Raymond Shore Apt. 632
Carrollfurt, AL 03232",N,miles
837,Kevin Scott,526-33-6783,"792 Phyllis Fords
Christopherbury, TN 25693",Y,hours
838,John Martinez,578-18-2421,"5773 Duran Courts Apt. 160
South Kyle, KS 17652",Y,hours
839,Linda Smith,368-35-3991,"Unit 3595 Box 0716
DPO AA 61941",Y,hours
840,Samuel Wallace,675-81-4574,"1786 Horne Street
Nelsonborough, MA 52597",N,hours
841,Amy Mcconnell,528-64-5989,"9417 Michelle Circle Suite 049
Mitchellview, CO 79934",Y,hours
842,Amy Lucas,286-01-5371,"010 Justin Squares Suite 416
East Kevinstad, TX 47446",N,miles
843,Tiffany White,707-32-7984,"268 Samantha Viaduct Apt. 476
Housetown, NM 03477",Y,miles
844,Shelley Watson,093-07-3097,"35669 Miller Manors Apt. 270
Stephaniechester, DE 29320",Y,miles
845,Jamie Rodriguez,556-12-9673,"0161 Vasquez Village Apt. 256
Cowanbury, NM 98309",N,miles
846,Janice Miller,723-19-1411,"208 Morris Passage
Nicholstown, MN 17936",N,miles
847,Michael Hudson,646-37-5952,"1600 Vickie Route Suite 767
Robertville, MN 98303",Y,hours
848,Matthew Smith,378-62-7920,"297 Nicholas Station Suite 866
Kevinmouth, NY 72011",Y,hours
849,Andrew Burch,522-38-6044,"Unit 9145 Box 0855
DPO AA 55170",Y,miles
850,Christopher Glenn,450-58-0478,"5908 Tiffany Village Apt. 869
Lake Kendraside, NM 88804",Y,hours
851,Michelle Strong,179-68-3005,"6958 Rachel Crossroad
South Catherineburgh, PA 17205",N,miles
852,Christopher Gonzalez,508-91-4888,"297 Jackson Courts Suite 383
West Elizabethburgh, NC 28769",N,hours
853,Cody Atkins,837-21-7170,"68244 Daniel Turnpike
West Sandra, MI 64763",N,hours
854,Michelle Li,051-13-0703,"7135 Thomas Street Suite 918
North Tanyahaven, CT 85757",Y,miles
855,Joseph Herman,759-89-9239,"48630 Clements Ramp Apt. 656
West Claytonchester, PR 10652",Y,hours
856,Christopher Harvey,538-61-2939,"7385 Karen Lights
Longport, IN 57588",N,hours
857,Lonnie Mitchell,345-63-8887,"0767 King Manor Apt. 454
New Justin, AL 50009",N,hours
858,Jennifer Chavez,542-19-0968,"366 Powell Islands Suite 767
Hoffmanstad, IA 73577",Y,hours
859,David Nguyen,885-47-8818,"93978 Laura Mall
Clementsfort, NJ 57037",Y,hours
860,Thomas Schultz,480-60-9665,"0409 Martha Crossing
Port Travisport, CA 35103",N,hours
861,Bruce Farmer,175-21-2779,"77477 Nguyen Hollow Suite 664
Mirandatown, NM 31223",N,miles
862,Travis Finley,019-85-1714,"606 Benitez Isle Suite 269
Port Kathryn, FL 57995",N,miles
863,Sandra Mendez,454-04-8050,"334 Amanda Gateway
Jensenville, ME 62511",Y,hours
864,Catherine Shaw,427-79-8512,"29634 Luis Plains
Lake Stevenborough, AK 66389",N,miles
865,Joshua Miller,076-47-0904,"49244 Joshua Mills Suite 891
Townsendshire, SC 85692",N,miles
866,William Mason,578-81-8795,"767 Mitchell Ville Suite 220
South Christophershire, ID 23165",Y,miles
867,Sean Baker,073-56-1698,"546 Reilly Walk
Riveraville, FL 68986",N,miles
868,Harold Smith,299-89-6566,"866 Palmer Club Suite 804
Watersfort, MP 72722",Y,hours
869,Christopher Bell,178-57-9514,"785 Jessica Plaza Suite 811
Nicolemouth, CA 03002",N,miles
870,Samantha Mitchell,026-23-6199,"9054 Anita Circles Suite 844
Curtismouth, NE 22325",Y,hours
871,Allen Erickson,412-40-0794,"691 Ross Vista
Lake Connor, WV 94823",Y,miles
872,Melissa Ford,770-53-4120,"502 Nathan Falls Apt. 844
East Sandraton, CA 86005",N,miles
873,Jason Mcdonald,469-68-7926,"66392 Eric Station Suite 399
Reynoldsshire, NH 43839",Y,miles
874,Daniel Nash,166-61-7743,"293 Boyd Fall Suite 772
Christopherchester, MT 53241",N,miles
875,James King,402-58-6394,"6609 Rachel View Suite 353
Josephland, LA 16164",N,miles
876,Jamie Mcknight,331-85-3645,"086 Melissa Stravenue
Port Melissachester, WA 08113",N,miles
877,Steven Peterson,154-32-5485,"80742 Petersen Mount
Lake Maria, KS 88820",N,hours
878,Alex Castillo,794-39-8351,"USNV Mccormick
FPO AE 67734",Y,miles
879,Jerry Shepherd,889-21-0087,"56249 Larson Heights
New Jordan, SD 17540",Y,miles
880,Julia Miller,574-09-5597,"609 Jonathan Field
South Michaelton, PA 58504",Y,hours
881,Kevin Mcclure,875-24-3083,"73091 Ramsey Highway
South Lisafort, ND 55951",N,miles
882,Erik Baker,105-95-0912,"2550 Hodge Mountains Apt. 491
New Codyton, ID 90414",Y,miles
883,Russell Adams,894-63-2347,"28900 Hardy Points Suite 451
Barreraville, RI 81992",Y,miles
884,Sheila Levy,152-83-5476,"71683 Margaret Club Apt. 997
Michelleborough, FM 66569",N,hours
885,Glenn Robinson,592-35-6008,"65871 Jeffrey Isle
Shannonport, NC 72356",N,hours
886,Bradley Moran,087-66-3838,"5376 Pamela Unions Apt. 850
Christinemouth, PA 01921",Y,miles
887,Jennifer Thomas,709-05-8587,"335 Kathleen Stream Suite 690
Andrechester, PR 84014",N,miles
888,Austin Howard DVM,331-53-6665,"583 Edwards Roads
Jasonberg, AZ 56104",N,hours
889,Tyler Rogers,761-05-8920,"802 Stephanie Passage Suite 366
Danielsmouth, NH 19842",N,miles
890,Mr. George Smith,733-77-7605,"52775 Wright Road
East Alec, MS 86032",Y,miles
891,Rachel Cordova,354-67-2460,"60226 Cunningham Radial Suite 634
North Christian, VI 49508",N,miles
892,Sarah Moore,210-28-3794,"07234 Brown Passage
South Jason, AK 97466",Y,miles
893,Carlos Price,319-22-3263,"264 Montgomery Mountain
Ballhaven, CO 84844",N,miles
894,Alexis Werner,584-40-3668,"USNV Williams
FPO AE 05803",Y,hours
895,Joseph Bennett,052-13-2708,"107 Erik Tunnel Apt. 618
Lake Justinhaven, OH 50081",Y,miles
896,Andrea Lawrence,424-55-3029,"574 Rivera Rue Suite 330
Lake Sydney, FL 66153",N,miles
897,Todd Garrett,446-29-6625,"82320 Bush Island
Griffinland, NE 31805",Y,miles
898,Michelle Smith,259-42-4604,"423 Abbott Hollow Apt. 578
East Shawn, DE 34516",Y,hours
899,James Mendez,507-41-1957,"84475 Hancock Flat
New Jill, CO 13508",Y,hours
900,Alison Williamson,429-93-3578,"37012 Teresa Locks
Paultown, ID 37200",Y,miles
901,Brian Perry,681-61-4880,"06948 Mark Course
Tinamouth, NH 13065",Y,hours
902,Rachel Stewart,480-11-0964,"2901 Bradley Summit
Lake Nancyborough, CO 64143",Y,miles
903,Dr. Brendan Martin,167-47-3495,"03249 Pitts Shore
Lake Bryan, WV 40016",N,miles
904,James Pittman,832-38-3232,"636 Nancy Greens Suite 482
East Triciachester, NJ 73575",Y,hours
905,Cory Malone,107-33-7349,"231 Ramirez Shore
New Anita, WI 57272",Y,hours
906,Ryan Adams,352-49-7603,"7085 Angela Camp Apt. 713
Port Tiffany, VI 00981",Y,miles
907,Larry Oliver,531-88-8257,"052 Gonzalez Springs Apt. 951
East Tonyabury, MA 16756",Y,miles
908,Sydney Mcdaniel,440-72-1630,"85771 Michael Vista
West Daniel, ME 02829",Y,hours
909,Christopher Cooper,742-12-7859,"2759 Daniel Highway
New Bobbyhaven, FL 32480",Y,miles
910,Angela Singh,115-89-5358,"2195 Thomas Dale
Lake Judyton, MH 73810",Y,miles
911,Julie Pittman,471-51-2660,"5358 Reynolds Lake
North Susan, FM 82710",N,hours
912,Krista Serrano PhD,440-06-3132,"628 Rhodes Mountain Apt. 790
West Vincenthaven, LA 37308",Y,hours
913,Andrew Perkins,756-05-6614,"549 Isaiah Via
Patriciaside, MS 94226",Y,miles
914,Ariel Wilson,879-37-1655,"615 George Burg Suite 206
Port Victoria, SD 76551",N,hours
915,Hannah Snyder,463-73-7356,"254 Nicole Lights
Johnburgh, DC 47506",N,hours
916,Tiffany Booker,672-41-9556,"388 Nicholas Mount Suite 532
Timothyburgh, MA 66372",N,hours
917,Matthew Costa,211-77-9755,"318 Kevin Parkway Suite 553
Lake Dennis, NY 31232",N,hours
918,Amy Curtis,446-32-8914,"870 Huynh Crossroad Apt. 828
Danielton, ME 53814",N,miles
919,Kelly Hill,223-29-0809,"807 Dennis Spring
Port Chloechester, PA 03887",N,hours
920,Kelly Williams,068-21-5032,"801 Molly Manor Suite 016
Kimberlyburgh, NY 13444",Y,hours
921,Jason Edwards,110-14-3083,"1825 Carroll Square
Richardbury, NM 35376",N,hours
922,Frank Shaw,015-08-1950,"8119 Wilson Expressway
Port John, CT 01615",N,hours
923,Sandra Robbins,159-63-5199,"781 Connie Vista Apt. 218
Singhport, OK 15268",N,hours
924,Spencer Moore,883-44-3682,"9811 Yang Bypass Suite 482
Rodriguezfort, WY 26352",Y,hours
925,Brian Jones,281-42-3963,"8980 Phelps Harbor
Cherylmouth, OR 83192",Y,hours
926,Curtis Lewis,779-90-9109,"6566 Sanders Glen Suite 872
Jeremymouth, GA 51700",Y,miles
927,Robin Moore,480-39-5463,"22946 Rivera Ville
West Samantha, NM 21940",N,miles
928,Sabrina Marshall,848-77-4737,"322 Ruth Landing Suite 704
East Jason, MS 85932",N,hours
929,Cathy Solis,755-81-8193,"PSC 3442, Box 8639
APO AA 40538",N,miles
930,Tammy Leonard,030-77-0939,"USNV Howell
FPO AE 14672",N,hours
931,Mandy Collins,277-69-0200,"USS Robertson
FPO AE 57692",N,miles
932,Timothy Robbins,643-12-1430,"USNS Miranda
FPO AP 55954",Y,hours
933,Christopher Woodard,079-76-6411,"355 Perry Shoals Suite 642
Walkerfort, MO 78771",N,miles
934,John Bright,040-12-8939,"USNS Smith
FPO AE 72440",N,hours
935,Joshua Walker,300-90-1274,"9991 Alexandra Mountains
Ramirezville, VI 25198",N,miles
936,Christina Mccullough,461-17-2836,"514 Williams Points Apt. 387
Kylieborough, DC 54692",N,hours
937,Laura Gonzalez,653-96-2091,"32410 Amy Estates
Pamelaport, ME 77181",N,miles
938,Brittney Wells,573-83-8392,"Unit 1779 Box 4048
DPO AA 64013",Y,miles
939,Ashley Torres,346-03-6162,"78947 Kenneth Dale Apt. 514
Jasonshire, AL 21122",N,miles
940,Angela Johnston,627-67-3284,"Unit 6278 Box 2283
DPO AP 63618",Y,hours
941,Gabrielle Bell,351-90-8183,"6677 Ford Crescent Suite 333
Bradleytown, VA 68903",N,miles
942,Kathleen Murphy,006-77-8897,"6514 Kelley Dale Suite 375
New Nicholeburgh, WV 47021",Y,miles
943,Nathaniel Clayton,227-80-3914,"8450 Brandi Shore
North Lee, MD 68607",N,hours
944,Briana Black,866-14-4551,"Unit 9778 Box 2785
DPO AA 97279",N,hours
945,Jonathon Burke,855-62-1034,"Unit 1692 Box 6881
DPO AP 05369",N,hours
946,Jacob Thomas,851-13-6955,"1896 Walter Plaza
Riostown, AZ 89860",Y,hours
947,Jessica Hess MD,111-39-3246,"0527 Collin Dale
South Sheila, ME 40257",Y,miles
948,Scott Stephens,826-88-8813,"4323 Ross Lakes Apt. 938
Rogersburgh, MT 98181",N,miles
949,Phillip Byrd,047-99-1324,"6336 Kathy Shore Suite 103
Port James, VA 01530",N,hours
950,Thomas Black,183-70-1617,"628 Murphy Manor
South Rodney, HI 61164",N,hours
951,Jodi Morris,709-65-2435,"053 Martinez Garden
Port Scott, CO 68783",N,hours
952,Sylvia Wolfe,232-08-1807,"52899 Manning Mountains Suite 658
South Karenton, MS 06735",N,hours
953,Heather Williams,488-98-9497,"84885 Melissa Lock Suite 395
North Angie, AS 69438",N,hours
954,Austin Clark,581-16-1904,"435 Campbell View
Port Juanmouth, FL 86952",Y,hours
955,Elizabeth Schultz,766-07-9259,"067 Cody Spur
South Gina, MS 22133",N,miles
956,Brittany Cooper,253-46-7287,"955 Conner Stream
Gainesbury, WI 79938",Y,miles
957,Jade Walker,883-79-1155,"11914 Theresa Walk Apt. 673
West Alexishaven, PW 77054",Y,miles
958,Laurie Ramirez,466-82-3049,"7833 Miranda Overpass Apt. 575
Port Sandra, RI 08591",N,miles
959,Sara Williams,571-89-3547,"742 Bowers Lodge
Michelleside, MD 29154",Y,miles
960,Brenda Young,569-22-0411,"61338 Rodriguez Rapids
Stevensville, MT 31621",N,hours
961,Scott Coleman,139-19-5003,"785 Giles Neck
Aaronstad, GA 95892",Y,miles
962,Megan Hayes,580-73-3334,"PSC 9185, Box 8101
APO AA 80557",Y,hours
963,Michelle Smith,249-56-9585,"976 Courtney Manor
Jacksonfurt, PW 13017",Y,miles
964,Kathleen Jones,201-09-0928,"5250 Villa Plaza Suite 266
North Victoria, VA 48925",N,miles
965,Dale Lewis,443-94-7268,"86650 Lori Gardens Suite 562
Lake Michael, TX 16985",Y,miles
966,Joseph Wood,064-54-2678,"5358 Brian Isle Suite 708
Stephanietown, MN 28656",N,hours
967,Wendy King,601-50-7848,"53351 Woods Crossroad Apt. 696
West Christineberg, SC 84898",N,hours
968,Nicholas Gardner,086-78-4385,"196 Randall Plain
Josephchester, NH 38375",N,hours
969,Shannon Jones,807-06-0722,"7060 Ronald Summit Apt. 777
New Pammouth, AS 27768",Y,miles
970,Taylor Hudson,873-83-2002,"864 Samuel Meadows Apt. 197
South Jamesmouth, IL 63786",N,miles
971,Matthew Turner,101-20-9247,"667 Duncan Plain
Hollyhaven, WI 72425",Y,hours
972,Kimberly Peterson,455-16-6627,"10269 Smith Mission
Sherryfort, NM 84921",Y,hours
973,Thomas Simmons,535-57-1091,"Unit 2341 Box 3689
DPO AP 11400",N,hours
974,Michele Christensen,283-91-3805,"458 Jessica Expressway
Travishaven, MI 71487",N,miles
975,Ann Robinson,618-83-1656,"86906 Murray Cape
Lake Angela, IA 15856",Y,hours
976,Dana Lee,207-82-1586,"74808 Powers Parkway Suite 981
Marquezfurt, MD 32878",Y,hours
977,Richard Morgan,163-44-4471,"28584 Chelsea Summit Suite 097
Port Jessica, ID 72205",N,hours
978,Thomas Anderson,685-63-1662,"59026 Ford Turnpike
North Julie, MD 52679",N,miles
979,Renee Juarez,290-34-1818,"065 Kevin Viaduct Apt. 227
South Michelleland, CA 15449",Y,miles
980,Rachel Morgan,387-28-3883,"579 Mark Circles Apt. 123
New Lisaport, WV 90665",Y,hours
981,Jonathan Maxwell,751-66-8032,"57625 Wilkinson Well
South Ray, IL 49049",N,hours
982,Nicole Johns,882-89-5693,"4772 Matthew Wall
Potterside, AL 76357",Y,hours
983,Jesse Espinoza,063-72-5608,"331 Carlson Brook
Marcobury, MO 33448",N,miles
984,Ronald Martinez,011-47-4971,"PSC 6428, Box 9669
APO AA 90130",N,miles
985,Leslie Wilson,610-27-9798,"599 Brittany Lakes Suite 240
New Robertport, KS 51306",Y,hours
986,Shelby Dennis,648-70-8922,"PSC 7793, Box 3626
APO AE 85568",Y,hours
987,Carlos Hayes,024-56-6154,"26396 Gray Cliff
South Susan, PW 91342",Y,miles
988,Deborah Jones,228-73-0598,"USS Scott
FPO AA 67588",N,miles
989,Anne Campos,143-57-2495,"6270 Charles Shoals
West Anthonyfurt, ID 06617",Y,miles
990,Veronica Boyd,214-44-2152,"USNV Perez
FPO AE 52353",Y,hours
991,Jordan Cooper,253-65-5217,"Unit 6773 Box 7062
DPO AE 64111",Y,miles
992,Anthony Chapman,379-51-9533,"28162 Anthony Estates
Sarahbury, TN 65364",N,hours
993,Melissa Norman,002-01-8529,"124 Latoya Overpass Apt. 148
Lake Sarahland, KS 73378",Y,miles
994,Margaret Atkins,215-28-9547,"443 Scott Square
Catherinemouth, AK 48976",N,miles
995,Crystal Flores,401-15-9319,"8743 Smith Burgs
Parsonschester, AS 19872",Y,miles
996,Rebecca Young,024-22-8192,"0667 Welch Locks Suite 274
Nguyenville, OH 24989",Y,miles
997,Frank Blake,150-79-6351,"092 Smith Inlet
Christophershire, IN 62784",N,miles
998,Erik Bates,568-39-9732,"8957 Young Brooks Suite 930
South Jeffery, UT 98105",N,hours
999,Kevin Murphy,200-38-3370,"65520 Jefferson Ranch Suite 035
West Jessicamouth, ND 10355",Y,miles
1000,Amy Sutton,255-13-9831,"64273 Young Mission
Garymouth, MS 77899",N,hours
1001,Carol Sanders,741-48-2601,"100 Meyer Mountains Apt. 110
Mannington, ND 03818",N,miles
1002,Peggy Carney,682-92-6277,"210 Peters Ramp
East Denise, DE 86712",N,hours
1003,Jack Young,215-16-6148,"808 Glass Trail Apt. 222
Brandonburgh, ID 42578",Y,miles
1004,Matthew Craig,780-87-4110,"53802 Vanessa Courts Suite 186
West Codystad, SC 66277",N,hours
1005,Lori Todd,075-64-6871,"PSC 0141, Box 1776
APO AA 70241",Y,hours
1006,Jennifer Foster,897-90-5814,"1543 Wilson Villages Suite 104
Cynthiaport, SC 94034",Y,hours
1007,Jonathan Herrera,028-77-9348,"37455 Lisa Light
West Lisa, WI 35616",N,miles
1008,David Gomez,640-33-0702,"3384 Melody Hill
West Susan, MH 55438",Y,miles
1009,Anne Ellis,227-95-2156,"0496 Jennifer Turnpike Suite 867
New Sylviaport, NC 18423",Y,hours
